"id","trial","easy_hard","build_time"
46761572,"19_Pattern","easy",16.7262834809953
46761572,"12_Number","easy",3.27389745500113
46761572,"11_InitSorted","easy",20.658254654998
46761572,"16_Number","easy",6.78677195400087
46761572,"20_Stability","easy",52.1129334500001
46761572,"9_InitNumber","easy",2.21643134400074
46761572,"18_Stability","easy",6.9612413750001
46761572,"13_Sampling","easy",10.1867751040045
46761572,"10_Stability","easy",5.77169309199962
46761572,"17_InitNumber","easy",6.66518869500578
46761572,"8_Number","easy",7.59310114599793
46761572,"7_Number","easy",2.64155490700068
46761572,"14_Stability","easy",11.6744294550008
46761572,"15_Number","easy",4.66681445099675
31025944,"12_Number","easy",2.56121328199515
31025944,"13_Sampling","easy",7.59428642700368
31025944,"8_Number","easy",2.23973085099715
31025944,"14_Stability","easy",6.24269898499915
31025944,"9_InitNumber","easy",0.802728720002051
31025944,"20_Stability","easy",22.7640885010042
31025944,"10_Stability","easy",6.70674869600043
31025944,"18_Stability","easy",5.84689763899951
31025944,"19_Pattern","easy",10.7948309670028
31025944,"7_Number","easy",1.91369136999856
31025944,"17_InitNumber","easy",2.49593985799584
31025944,"15_Number","easy",7.36906029399688
31025944,"16_Number","easy",3.63292695099517
31025944,"11_InitSorted","easy",8.36168199100211
81927011,"23_InitNumber","easy",0.946147787006339
81927011,"21_Number","easy",2.30609873799403
81927011,"24_Stability","easy",5.13644026400289
81927011,"26_Number","easy",3.7042523850032
81927011,"30_Number","easy",1.08933508300106
81927011,"36_Distance","easy",7.85869315300079
81927011,"32_Stability","easy",6.58600697899965
81927011,"25_InitSorted","easy",13.8742310290036
81927011,"34_Stability","easy",12.6256278270012
81927011,"31_InitNumber","easy",1.10716461999982
81927011,"22_Number","easy",1.69674081500125
81927011,"29_Number","easy",1.29053603099601
81927011,"35_Distance","easy",10.1847930420045
81927011,"28_Stability","easy",6.35324579699954
81927011,"27_Sampling","easy",2.71393250000256
81927011,"33_Pattern","easy",7.53408865600068
86620409,"30_Number","easy",0.651243151999552
86620409,"33_Pattern","easy",8.3293580720001
86620409,"23_InitNumber","easy",1.16273545100012
86620409,"31_InitNumber","easy",1.1284757859994
86620409,"25_InitSorted","easy",5.5783273829993
86620409,"21_Number","easy",1.7936476040004
86620409,"29_Number","easy",1.5466512310004
86620409,"22_Number","easy",2.00119347799955
86620409,"35_Distance","easy",8.98596774700036
86620409,"24_Stability","easy",7.05109684800027
86620409,"26_Number","easy",2.89631676299996
86620409,"27_Sampling","easy",2.10508184599985
86620409,"28_Stability","easy",10.8506522539992
86620409,"34_Stability","easy",14.3717407650001
86620409,"32_Stability","easy",7.97068677700008
86620409,"36_Distance","easy",9.04127482700005
13191935,"9_InitNumber","easy",1.14860070299983
13191935,"8_Number","easy",4.01818421099961
13191935,"14_Stability","easy",7.89894488100072
13191935,"16_Number","easy",3.33986232699863
13191935,"12_Number","easy",3.08308707900142
13191935,"10_Stability","easy",5.73872683199988
13191935,"17_InitNumber","easy",1.97751575999973
13191935,"13_Sampling","easy",9.17699518300105
13191935,"7_Number","easy",1.55521786200006
13191935,"18_Stability","easy",8.61819979900065
13191935,"15_Number","easy",5.63379237800109
13191935,"19_Pattern","easy",11.86622154
13191935,"20_Stability","easy",25.7625840379987
13191935,"11_InitSorted","easy",12.4570349909991
96947863,"22_Number","easy",1.92300654099927
96947863,"28_Stability","easy",28.1388015989996
96947863,"34_Stability","easy",21.4656409099989
96947863,"26_Number","easy",5.21603318999951
96947863,"27_Sampling","easy",2.96113383400007
96947863,"25_InitSorted","easy",22.9535620549996
96947863,"29_Number","easy",1.20032803999857
96947863,"30_Number","easy",1.26390782999988
96947863,"36_Distance","easy",13.6898269600006
96947863,"33_Pattern","easy",10.0916064459998
96947863,"24_Stability","easy",5.15367216100094
96947863,"21_Number","easy",3.48319990699929
96947863,"32_Stability","easy",8.1776140740003
96947863,"35_Distance","easy",11.9435552899995
96947863,"31_InitNumber","easy",1.92960428700098
96947863,"23_InitNumber","easy",2.61098250599935
50705555,"23_InitNumber","easy",1.31439330000285
50705555,"27_Sampling","easy",2.62566960899858
50705555,"33_Pattern","easy",11.418095727
50705555,"31_InitNumber","easy",1.72026667699902
50705555,"28_Stability","easy",13.0727216199994
50705555,"29_Number","easy",1.43364163899969
50705555,"21_Number","easy",2.44133867300116
50705555,"35_Distance","easy",8.83509079199939
50705555,"34_Stability","easy",15.1702548579997
50705555,"30_Number","easy",1.30785735900281
50705555,"32_Stability","easy",3.33838298400224
50705555,"36_Distance","easy",8.92319023899836
50705555,"26_Number","easy",2.34540608899988
50705555,"24_Stability","easy",2.76360473100067
50705555,"25_InitSorted","easy",17.1465591910019
50705555,"22_Number","easy",2.24232074099928
36840945,"28_Stability","easy",31.4028845140019
36840945,"32_Stability","easy",24.7879196649992
36840945,"27_Sampling","easy",5.88536187999853
36840945,"25_InitSorted","easy",12.7087303119988
36840945,"21_Number","easy",2.71358336200137
36840945,"26_Number","easy",6.37436305400115
36840945,"35_Distance","easy",14.167370490999
36840945,"23_InitNumber","easy",1.20856359499885
36840945,"36_Distance","easy",13.922568001999
36840945,"31_InitNumber","easy",3.05719446900184
36840945,"30_Number","easy",0.792255570999259
36840945,"34_Stability","easy",17.8411765319979
36840945,"22_Number","easy",2.88848877200144
36840945,"33_Pattern","easy",10.4620361999987
36840945,"29_Number","easy",1.23224761899837
36840945,"24_Stability","easy",0.000233360999118304
96569560,"25_InitSorted","easy",15.8743695309968
96569560,"29_Number","easy",1.48735718199896
96569560,"35_Distance","easy",11.8574719660028
96569560,"33_Pattern","easy",7.0824859380009
96569560,"30_Number","easy",1.2326727260006
96569560,"31_InitNumber","easy",1.45758401599596
96569560,"23_InitNumber","easy",1.7690330559999
96569560,"22_Number","easy",2.15240483499656
96569560,"36_Distance","easy",13.6958277919985
96569560,"21_Number","easy",2.80819445299858
96569560,"32_Stability","easy",5.16090948200144
96569560,"34_Stability","easy",23.7096609889995
96569560,"28_Stability","easy",17.3326151639994
96569560,"26_Number","easy",3.48889704699832
96569560,"27_Sampling","easy",4.35279547500249
96569560,"24_Stability","easy",6.84872763400199
95623715,"9_InitNumber","easy",1.02880044500012
95623715,"8_Number","easy",5.681362025
95623715,"14_Stability","easy",8.34553448400015
95623715,"16_Number","easy",4.57056992399998
95623715,"12_Number","easy",2.43508948500016
95623715,"10_Stability","easy",4.62513385500006
95623715,"17_InitNumber","easy",2.98649115700005
95623715,"13_Sampling","easy",11.6675151740001
95623715,"7_Number","easy",2.52792488399996
95623715,"18_Stability","easy",5.55354010499991
95623715,"15_Number","easy",4.61113849899994
95623715,"19_Pattern","easy",10.1699716580001
95623715,"20_Stability","easy",19.714178421
95623715,"11_InitSorted","easy",12.3309342019998
75333214,"9_InitNumber","easy",2.00016515400057
75333214,"18_Stability","easy",8.42555094599993
75333214,"17_InitNumber","easy",3.89818195400039
75333214,"15_Number","easy",10.4583168159998
75333214,"11_InitSorted","easy",13.393581581
75333214,"16_Number","easy",3.90569241200046
75333214,"10_Stability","easy",7.10459854700002
75333214,"13_Sampling","easy",9.65809304899994
75333214,"20_Stability","easy",23.9394084689993
75333214,"12_Number","easy",1.70774467199954
75333214,"7_Number","easy",2.61943897400033
75333214,"8_Number","easy",6.35444047500005
75333214,"19_Pattern","easy",14.2976792429999
75333214,"14_Stability","easy",7.47410054800002
50687108,"32_Stability","easy",4.26437740899996
50687108,"22_Number","easy",3.3292319919999
50687108,"34_Stability","easy",12.7374834369998
50687108,"35_Distance","easy",9.99325578200023
50687108,"30_Number","easy",0.46580241699985
50687108,"33_Pattern","easy",9.08248564099995
50687108,"28_Stability","easy",11.827277073
50687108,"29_Number","easy",0.938728731000083
50687108,"21_Number","easy",2.59414565399993
50687108,"25_InitSorted","easy",18.7532406389996
50687108,"31_InitNumber","easy",1.60932540500016
50687108,"27_Sampling","easy",1.94616858300014
50687108,"26_Number","easy",2.19335763900017
50687108,"36_Distance","easy",8.16116771899988
50687108,"23_InitNumber","easy",1.88051729699964
50687108,"24_Stability","easy",4.36237425899981
90990113,"18_Stability","easy",6.86349571900064
90990113,"20_Stability","easy",19.2666501660005
90990113,"8_Number","easy",5.32251337300022
90990113,"12_Number","easy",2.82667182299974
90990113,"7_Number","easy",1.50500608199945
90990113,"19_Pattern","easy",12.4652481439998
90990113,"15_Number","easy",4.68037450999964
90990113,"17_InitNumber","easy",7.43952602399986
90990113,"16_Number","easy",4.02545858600024
90990113,"11_InitSorted","easy",11.1304766620005
90990113,"10_Stability","easy",3.45709759900001
90990113,"14_Stability","easy",9.86645639499966
90990113,"13_Sampling","easy",9.29858493499978
90990113,"9_InitNumber","easy",5.48985366900069
66340327,"34_Stability","easy",11.8020591469995
66340327,"31_InitNumber","easy",0.961682667000787
66340327,"26_Number","easy",2.13001164099842
66340327,"25_InitSorted","easy",13.4907401649998
66340327,"22_Number","easy",1.51484986600008
66340327,"32_Stability","easy",8.17878565599858
66340327,"27_Sampling","easy",2.14694764300111
66340327,"28_Stability","easy",10.7375504070005
66340327,"29_Number","easy",1.27474097300001
66340327,"30_Number","easy",1.09749887500038
66340327,"21_Number","easy",1.07464144899859
66340327,"23_InitNumber","easy",1.40914715299914
66340327,"24_Stability","easy",4.66673599700152
66340327,"36_Distance","easy",11.0400607819993
66340327,"33_Pattern","easy",8.45636115600064
66340327,"35_Distance","easy",10.217643222999
26962873,"15_Number","easy",5.53756646299917
26962873,"19_Pattern","easy",25.1062265979999
26962873,"8_Number","easy",6.32805196800109
26962873,"20_Stability","easy",23.9044739609999
26962873,"13_Sampling","easy",9.92204640199998
26962873,"12_Number","easy",3.08011793699916
26962873,"9_InitNumber","easy",1.49107981899942
26962873,"7_Number","easy",4.18505669399929
26962873,"10_Stability","easy",6.53808262700113
26962873,"11_InitSorted","easy",14.3781210329998
26962873,"18_Stability","easy",5.73978721300045
26962873,"16_Number","easy",2.41079679799986
26962873,"17_InitNumber","easy",4.42730390799989
26962873,"14_Stability","easy",5.74712933099909
41470889,"32_Stability","easy",4.81827918700219
41470889,"22_Number","easy",1.05841534700085
41470889,"34_Stability","easy",10.1792581150003
41470889,"35_Distance","easy",8.21034172900181
41470889,"30_Number","easy",0.634241643001587
41470889,"33_Pattern","easy",6.3137588699974
41470889,"28_Stability","easy",16.6108182639982
41470889,"29_Number","easy",0.762099871000828
41470889,"21_Number","easy",2.43482783799845
41470889,"25_InitSorted","easy",13.0501877620009
41470889,"31_InitNumber","easy",1.36178795600063
41470889,"27_Sampling","easy",2.25635705600143
41470889,"26_Number","easy",2.14571249100118
41470889,"36_Distance","easy",6.74702001900005
41470889,"23_InitNumber","easy",1.08313797200026
41470889,"24_Stability","easy",4.18604781400063
11547421,"17_InitNumber","easy",1.24250445900179
11547421,"10_Stability","easy",4.55412907799837
11547421,"9_InitNumber","easy",1.7471135099986
11547421,"14_Stability","easy",6.94587359900106
11547421,"19_Pattern","easy",8.87286688799941
11547421,"18_Stability","easy",7.01757137200184
11547421,"7_Number","easy",1.40191225200033
11547421,"16_Number","easy",3.66567589499755
11547421,"11_InitSorted","easy",9.56775738799843
11547421,"8_Number","easy",3.94585789300254
11547421,"15_Number","easy",2.5299683129997
11547421,"12_Number","easy",2.21748446900165
11547421,"20_Stability","easy",24.0912702549977
11547421,"13_Sampling","easy",9.49052965700321
29558286,"22_Number","easy",1.94999829500011
29558286,"23_InitNumber","easy",2.71917658199527
29558286,"31_InitNumber","easy",1.52976672699879
29558286,"28_Stability","easy",10.3535235439995
29558286,"32_Stability","easy",8.11485567199998
29558286,"26_Number","easy",3.70667685599619
29558286,"24_Stability","easy",10.8256101000006
29558286,"30_Number","easy",1.37021466399892
29558286,"35_Distance","easy",12.9301726990016
29558286,"34_Stability","easy",26.4318003150038
29558286,"21_Number","easy",2.73008850600309
29558286,"33_Pattern","easy",10.38696299
29558286,"27_Sampling","easy",3.96161741299875
29558286,"36_Distance","easy",13.3061487480009
29558286,"25_InitSorted","easy",26.9540958669968
29558286,"29_Number","easy",2.54526151299797
36605881,"32_Stability","easy",10.840562176
36605881,"22_Number","easy",4.77798923499995
36605881,"34_Stability","easy",26.8738798660002
36605881,"35_Distance","easy",17.194568484
36605881,"30_Number","easy",3.24239611600001
36605881,"33_Pattern","easy",14.1295162609999
36605881,"28_Stability","easy",51.0018055109999
36605881,"29_Number","easy",2.83401315799983
36605881,"21_Number","easy",3.40216816200018
36605881,"25_InitSorted","easy",13.0907007290002
36605881,"31_InitNumber","easy",2.19386862700003
36605881,"27_Sampling","easy",3.7863474869996
36605881,"26_Number","easy",3.84170097200013
36605881,"36_Distance","easy",14.625020466
36605881,"23_InitNumber","easy",2.48186419700005
36605881,"24_Stability","easy",10.730989784
64764501,"34_Stability","easy",24.0237007940013
64764501,"28_Stability","easy",24.0663755059941
64764501,"30_Number","easy",1.7073956029999
64764501,"22_Number","easy",2.60911795900029
64764501,"31_InitNumber","easy",3.23860684400279
64764501,"29_Number","easy",1.73786095700052
64764501,"32_Stability","easy",7.46588018200418
64764501,"25_InitSorted","easy",29.2804834769995
64764501,"27_Sampling","easy",4.8501746099937
64764501,"33_Pattern","easy",13.3438118229969
64764501,"26_Number","easy",4.67286993899324
64764501,"21_Number","easy",1.81758626899682
64764501,"24_Stability","easy",5.90599434999604
64764501,"23_InitNumber","easy",4.1459737289988
64764501,"35_Distance","easy",11.9777449829999
64764501,"36_Distance","easy",12.9222142329963
19543276,"22_Number","easy",1.97035731899996
19543276,"23_InitNumber","easy",4.31322880799962
19543276,"31_InitNumber","easy",2.56201651200035
19543276,"28_Stability","easy",28.482374828
19543276,"32_Stability","easy",6.29487426700007
19543276,"26_Number","easy",3.60903741600032
19543276,"24_Stability","easy",9.06343726700015
19543276,"30_Number","easy",3.12926069800005
19543276,"35_Distance","easy",17.271472893
19543276,"34_Stability","easy",26.6747223699999
19543276,"21_Number","easy",8.87284597600001
19543276,"33_Pattern","easy",18.4513167270002
19543276,"27_Sampling","easy",6.74585253900023
19543276,"36_Distance","easy",20.3271636779996
19543276,"25_InitSorted","easy",20.218357364
19543276,"29_Number","easy",3.95250035499976
99872580,"16_Number","easy",4.02096062300006
99872580,"11_InitSorted","easy",10.7696721070006
99872580,"7_Number","easy",2.06625112300026
99872580,"17_InitNumber","easy",3.59533353100051
99872580,"14_Stability","easy",9.88213414299935
99872580,"8_Number","easy",5.94675105100032
99872580,"19_Pattern","easy",14.6311162680013
99872580,"15_Number","easy",5.77018349699938
99872580,"18_Stability","easy",7.60915883999951
99872580,"13_Sampling","easy",10.4268093179999
99872580,"9_InitNumber","easy",1.24940893100029
99872580,"20_Stability","easy",38.8107711030007
99872580,"10_Stability","easy",10.0249360170001
99872580,"12_Number","easy",4.13017066900102
43013681,"16_Number","easy",4.0711650910016
43013681,"11_InitSorted","easy",12.8874413819995
43013681,"7_Number","easy",4.67279355199935
43013681,"17_InitNumber","easy",6.48917050100135
43013681,"14_Stability","easy",11.8453469369997
43013681,"8_Number","easy",8.94509854100033
43013681,"19_Pattern","easy",21.2641646580014
43013681,"15_Number","easy",8.18066380399978
43013681,"18_Stability","easy",9.55042780300028
43013681,"13_Sampling","easy",13.5871672599988
43013681,"9_InitNumber","easy",4.56597730300018
43013681,"20_Stability","easy",28.1045053469988
43013681,"10_Stability","easy",12.7872350439993
43013681,"12_Number","easy",6.57021720600096
57612848,"19_Pattern","easy",21.9742802279998
57612848,"18_Stability","easy",15.4631098900009
57612848,"9_InitNumber","easy",4.24074214499888
57612848,"15_Number","easy",8.91618742799983
57612848,"11_InitSorted","easy",14.4758026270028
57612848,"10_Stability","easy",10.7169382169996
57612848,"20_Stability","easy",32.6285478149985
57612848,"12_Number","easy",5.01974045299721
57612848,"17_InitNumber","easy",4.18536175700137
57612848,"16_Number","easy",5.85273636000056
57612848,"13_Sampling","easy",10.1709957629973
57612848,"14_Stability","easy",12.5947309559997
57612848,"7_Number","easy",4.00224793799862
57612848,"8_Number","easy",7.90606967500207
93164057,"20_Stability","easy",41.1280605610009
93164057,"19_Pattern","easy",14.2848576069991
93164057,"14_Stability","easy",9.83754673500152
93164057,"9_InitNumber","easy",4.17666631700195
93164057,"17_InitNumber","easy",6.97474138299731
93164057,"8_Number","easy",8.14423882199844
93164057,"12_Number","easy",4.92801905799934
93164057,"18_Stability","easy",8.6243349840006
93164057,"11_InitSorted","easy",13.6530064170001
93164057,"7_Number","easy",3.52053546800016
93164057,"16_Number","easy",5.36136817700026
93164057,"15_Number","easy",6.04807527400044
93164057,"10_Stability","easy",9.09731933299918
93164057,"13_Sampling","easy",8.11442921900016
50997125,"32_Stability","easy",9.64959580499999
50997125,"22_Number","easy",3.15348724100022
50997125,"34_Stability","easy",30.8590657180002
50997125,"35_Distance","easy",18.303256612
50997125,"30_Number","easy",2.18470240999977
50997125,"33_Pattern","easy",12.5448493740005
50997125,"28_Stability","easy",19.641581506
50997125,"29_Number","easy",2.81714895999994
50997125,"21_Number","easy",3.20930745599981
50997125,"25_InitSorted","easy",36.8889149359993
50997125,"31_InitNumber","easy",2.95423917299922
50997125,"27_Sampling","easy",5.6092385840002
50997125,"26_Number","easy",13.6960584389999
50997125,"36_Distance","easy",17.5615958779999
50997125,"23_InitNumber","easy",2.61743594600011
50997125,"24_Stability","easy",9.65539359200011
35505921,"32_Stability","easy",8.18826072299998
35505921,"22_Number","easy",2.71335354999974
35505921,"34_Stability","easy",18.755051877999
35505921,"35_Distance","easy",16.2308463880017
35505921,"30_Number","easy",1.19377357699886
35505921,"33_Pattern","easy",13.463945038
35505921,"28_Stability","easy",16.1342543399987
35505921,"29_Number","easy",1.48942876000001
35505921,"21_Number","easy",2.0070233410006
35505921,"25_InitSorted","easy",11.9759822349988
35505921,"31_InitNumber","easy",1.29730528899745
35505921,"27_Sampling","easy",2.31155853300152
35505921,"26_Number","easy",8.98426398599986
35505921,"36_Distance","easy",11.9505889430002
35505921,"23_InitNumber","easy",1.10584221799945
35505921,"24_Stability","easy",8.83163231000071
34460692,"19_Pattern","easy",12.5739403059997
34460692,"18_Stability","easy",5.48944274600217
34460692,"9_InitNumber","easy",1.77609043700068
34460692,"15_Number","easy",3.56918929400126
34460692,"11_InitSorted","easy",8.05624682999769
34460692,"10_Stability","easy",9.7320370310008
34460692,"20_Stability","easy",22.7224989489987
34460692,"12_Number","easy",3.80123166500198
34460692,"17_InitNumber","easy",3.87354897100158
34460692,"16_Number","easy",4.26393854799971
34460692,"13_Sampling","easy",5.9000321320018
34460692,"14_Stability","easy",6.1875174759989
34460692,"7_Number","easy",2.29671300200062
34460692,"8_Number","easy",5.05659276999722
60406390,"32_Stability","easy",7.34476746200016
60406390,"22_Number","easy",2.74795725900185
60406390,"34_Stability","easy",28.5779527820014
60406390,"35_Distance","easy",16.6412307620012
60406390,"30_Number","easy",1.66600230100084
60406390,"33_Pattern","easy",15.6246622299986
60406390,"28_Stability","easy",19.9780164440017
60406390,"29_Number","easy",1.8349146469991
60406390,"21_Number","easy",2.97076286900119
60406390,"25_InitSorted","easy",17.1288819269976
60406390,"31_InitNumber","easy",1.9061159619996
60406390,"27_Sampling","easy",3.03979524199895
60406390,"26_Number","easy",7.74735440599761
60406390,"36_Distance","easy",17.0185189880031
60406390,"23_InitNumber","easy",2.42575876499905
60406390,"24_Stability","easy",18.6661569179996
52580007,"16_Number","easy",4.87981680200028
52580007,"11_InitSorted","easy",10.7050824599974
52580007,"7_Number","easy",2.39327679100097
52580007,"17_InitNumber","easy",3.31339974299772
52580007,"14_Stability","easy",9.05845206700178
52580007,"8_Number","easy",4.93877997500022
52580007,"19_Pattern","easy",25.3378085229997
52580007,"15_Number","easy",13.6730586010017
52580007,"18_Stability","easy",12.2020298669995
52580007,"13_Sampling","easy",7.19422248400224
52580007,"9_InitNumber","easy",1.92230142799963
52580007,"20_Stability","easy",24.385174801002
52580007,"10_Stability","easy",14.5309793980014
52580007,"12_Number","easy",2.29881968900008
43841184,"32_Stability","easy",5.83274157499909
43841184,"22_Number","easy",3.67438076999861
43841184,"34_Stability","easy",21.1371578950002
43841184,"35_Distance","easy",14.9297667889987
43841184,"30_Number","easy",2.15475154500018
43841184,"33_Pattern","easy",11.9116975519992
43841184,"28_Stability","easy",28.3454238570012
43841184,"29_Number","easy",1.64169757299896
43841184,"21_Number","easy",3.63376176299971
43841184,"25_InitSorted","easy",53.6663479659983
43841184,"31_InitNumber","easy",2.15412023899989
43841184,"27_Sampling","easy",2.70735984400017
43841184,"26_Number","easy",11.2341538639994
43841184,"36_Distance","easy",16.9211194869986
43841184,"23_InitNumber","easy",2.39436704600121
43841184,"24_Stability","easy",6.03379955699893
71866086,"32_Stability","easy",6.56172582700015
71866086,"22_Number","easy",0.993943779000119
71866086,"34_Stability","easy",10.522325679
71866086,"35_Distance","easy",7.98628844700011
71866086,"30_Number","easy",0.393480369999907
71866086,"33_Pattern","easy",7.506085257
71866086,"28_Stability","easy",5.25071652799988
71866086,"29_Number","easy",1.17812294800001
71866086,"21_Number","easy",1.3296693499999
71866086,"25_InitSorted","easy",14.9701805669999
71866086,"31_InitNumber","easy",1.17860066699996
71866086,"27_Sampling","easy",2.48227669700009
71866086,"26_Number","easy",3.51526611400004
71866086,"36_Distance","easy",9.84235956100019
71866086,"23_InitNumber","easy",1.93765007399998
71866086,"24_Stability","easy",6.01019672400002
91995884,"19_Pattern","easy",12.3520200749999
91995884,"18_Stability","easy",7.27354334200027
91995884,"9_InitNumber","easy",1.24047000000064
91995884,"15_Number","easy",5.13141726100002
91995884,"11_InitSorted","easy",9.59522907100018
91995884,"10_Stability","easy",13.4883695829994
91995884,"20_Stability","easy",20.801890273
91995884,"12_Number","easy",2.52926323099928
91995884,"17_InitNumber","easy",1.84283646999938
91995884,"16_Number","easy",3.3934951629999
91995884,"13_Sampling","easy",8.69061380599942
91995884,"14_Stability","easy",8.00269568800013
91995884,"7_Number","easy",2.10578014200019
91995884,"8_Number","easy",3.79198688300039
75643848,"16_Number","easy",2.22023393899985
75643848,"11_InitSorted","easy",4.88278633000004
75643848,"7_Number","easy",1.29871189000005
75643848,"17_InitNumber","easy",2.69071723999991
75643848,"14_Stability","easy",5.34578437499999
75643848,"8_Number","easy",2.64985761000003
75643848,"19_Pattern","easy",12.4020998790002
75643848,"15_Number","easy",2.58610656899987
75643848,"18_Stability","easy",10.436160599
75643848,"13_Sampling","easy",6.61918093000008
75643848,"9_InitNumber","easy",1.81212126900004
75643848,"20_Stability","easy",21.218534011
75643848,"10_Stability","easy",10.275830156
75643848,"12_Number","easy",2.22598317099983
74165640,"16_Number","easy",5.2292596920006
74165640,"11_InitSorted","easy",13.1783550959999
74165640,"7_Number","easy",2.46699579600045
74165640,"17_InitNumber","easy",3.43350862399984
74165640,"14_Stability","easy",11.7469097650001
74165640,"8_Number","easy",7.31496562099983
74165640,"19_Pattern","easy",11.4816223030002
74165640,"15_Number","easy",5.88175465100085
74165640,"18_Stability","easy",11.9863066949993
74165640,"13_Sampling","easy",10.6501353630001
74165640,"9_InitNumber","easy",1.88990718399964
74165640,"20_Stability","easy",30.2734058759997
74165640,"10_Stability","easy",12.0566156209998
74165640,"12_Number","easy",1.76823038600014
57972367,"16_Number","easy",2.82159976399998
57972367,"11_InitSorted","easy",6.19485215099985
57972367,"7_Number","easy",0.754797763999932
57972367,"17_InitNumber","easy",2.39369514300006
57972367,"14_Stability","easy",6.00922942099987
57972367,"8_Number","easy",4.81810025300001
57972367,"19_Pattern","easy",9.89752719299986
57972367,"15_Number","easy",2.56806235700014
57972367,"18_Stability","easy",6.82558639600006
57972367,"13_Sampling","easy",7.60022311700004
57972367,"9_InitNumber","easy",0.842993797999952
57972367,"20_Stability","easy",18.226294375
57972367,"10_Stability","easy",6.82353264200015
57972367,"12_Number","easy",1.802413226
93344365,"32_Stability","easy",9.32757014399976
93344365,"22_Number","easy",2.26640419399973
93344365,"34_Stability","easy",16.3393642880001
93344365,"35_Distance","easy",10.8106037090001
93344365,"30_Number","easy",0.994481730000189
93344365,"33_Pattern","easy",8.52922263799974
93344365,"28_Stability","easy",22.3390537999994
93344365,"29_Number","easy",0.298187433999374
93344365,"21_Number","easy",1.15401974900033
93344365,"25_InitSorted","easy",8.65733668700068
93344365,"31_InitNumber","easy",0.257872714999394
93344365,"27_Sampling","easy",2.34530370500033
93344365,"26_Number","easy",5.5070062650002
93344365,"36_Distance","easy",9.93721080299929
93344365,"23_InitNumber","easy",0.755653987000187
93344365,"24_Stability","easy",8.40956726099921
98376283,"32_Stability","easy",7.37011654599974
98376283,"22_Number","easy",1.94670463500006
98376283,"34_Stability","easy",21.2407698960005
98376283,"35_Distance","easy",12.6818401970004
98376283,"30_Number","easy",3.28258233999986
98376283,"33_Pattern","easy",16.4509294360005
98376283,"28_Stability","easy",16.2809405890002
98376283,"29_Number","easy",2.32916295799987
98376283,"21_Number","easy",12.3073565730001
98376283,"25_InitSorted","easy",19.6826036760012
98376283,"31_InitNumber","easy",1.18698105799922
98376283,"27_Sampling","easy",2.88174150299892
98376283,"26_Number","easy",10.2190917780008
98376283,"36_Distance","easy",15.3200653500007
98376283,"23_InitNumber","easy",3.01044045500021
98376283,"24_Stability","easy",9.51500817199849
15322647,"32_Stability","easy",11.50467647
15322647,"22_Number","easy",3.8911976620002
15322647,"34_Stability","easy",21.1149038799995
15322647,"35_Distance","easy",16.7148602969992
15322647,"30_Number","easy",1.35397422599999
15322647,"33_Pattern","easy",16.2421750620015
15322647,"28_Stability","easy",17.8166946319998
15322647,"29_Number","easy",1.4586684599999
15322647,"21_Number","easy",3.88135835899993
15322647,"25_InitSorted","easy",20.8755559269994
15322647,"31_InitNumber","easy",1.84195069700036
15322647,"27_Sampling","easy",6.63526093200016
15322647,"26_Number","easy",7.65900512000007
15322647,"36_Distance","easy",20.1216408239998
15322647,"23_InitNumber","easy",2.27510514500136
15322647,"24_Stability","easy",11.9916168199998
31296749,"32_Stability","easy",9.44254936200014
31296749,"22_Number","easy",2.78614405699955
31296749,"34_Stability","easy",28.4893060729992
31296749,"35_Distance","easy",28.9936742829996
31296749,"30_Number","easy",1.91435499399995
31296749,"33_Pattern","easy",17.5211963660004
31296749,"28_Stability","easy",25.5134606849988
31296749,"29_Number","easy",1.49548560499898
31296749,"21_Number","easy",2.55549780099864
31296749,"25_InitSorted","easy",40.4899299099998
31296749,"31_InitNumber","easy",2.84354529400116
31296749,"27_Sampling","easy",4.42660377399989
31296749,"26_Number","easy",11.241199439999
31296749,"36_Distance","easy",17.3944382210011
31296749,"23_InitNumber","easy",2.09049465000135
31296749,"24_Stability","easy",9.99432625000009
29333268,"16_Number","easy",3.90007040300043
29333268,"11_InitSorted","easy",8.73806554099792
29333268,"7_Number","easy",1.40906269100014
29333268,"17_InitNumber","easy",4.29723279599784
29333268,"14_Stability","easy",5.07277398299993
29333268,"8_Number","easy",3.72173470800044
29333268,"19_Pattern","easy",10.0430622540007
29333268,"15_Number","easy",3.79470096699879
29333268,"18_Stability","easy",6.18631513400032
29333268,"13_Sampling","easy",9.43340897999951
29333268,"9_InitNumber","easy",1.2088142040011
29333268,"20_Stability","easy",30.7372629890015
29333268,"10_Stability","easy",7.45705768799962
29333268,"12_Number","easy",1.73038502800046
46761572,"19_Pattern","hard",22.4665897469968
46761572,"12_Number","hard",21.4178217959998
46761572,"11_InitSorted","hard",21.4177158910024
46761572,"16_Number","hard",19.3862718259988
46761572,"20_Stability","hard",56.3117049130014
46761572,"9_InitNumber","hard",11.3478876299996
46761572,"18_Stability","hard",39.0017837560008
46761572,"13_Sampling","hard",11.7226715659999
46761572,"10_Stability","hard",22.0976553979999
46761572,"17_InitNumber","hard",17.8171882960014
46761572,"8_Number","hard",27.754449565
46761572,"7_Number","hard",23.9702575560004
46761572,"14_Stability","hard",20.2996145049983
46761572,"15_Number","hard",20.0824661160004
31025944,"12_Number","hard",8.98619385900383
31025944,"13_Sampling","hard",10.753625708996
31025944,"8_Number","hard",12.350960667005
31025944,"14_Stability","hard",8.93881413099734
31025944,"9_InitNumber","hard",5.7223524889996
31025944,"20_Stability","hard",42.2883144539956
31025944,"10_Stability","hard",18.7211543129961
31025944,"18_Stability","hard",44.2270016960028
31025944,"19_Pattern","hard",16.2174182559975
31025944,"7_Number","hard",14.6428946059968
31025944,"17_InitNumber","hard",10.8737236710003
31025944,"15_Number","hard",14.4904090869968
31025944,"16_Number","hard",9.03441444799682
31025944,"11_InitSorted","hard",12.2105554739974
81927011,"23_InitNumber","hard",9.55338286200276
81927011,"21_Number","hard",16.3549536150022
81927011,"24_Stability","hard",33.034045032
81927011,"26_Number","hard",23.6819510799978
81927011,"30_Number","hard",6.55535025199788
81927011,"36_Distance","hard",11.7149323080012
81927011,"32_Stability","hard",97.8501691159981
81927011,"25_InitSorted","hard",14.6260947900009
81927011,"34_Stability","hard",133.857982745998
81927011,"31_InitNumber","hard",5.95244847099821
81927011,"22_Number","hard",15.8988007769949
81927011,"29_Number","hard",12.6744425399957
81927011,"35_Distance","hard",10.0100722700008
81927011,"28_Stability","hard",11.6101649759948
81927011,"27_Sampling","hard",2.8818973860034
81927011,"33_Pattern","hard",12.1300682120054
86620409,"30_Number","hard",4.76223408700025
86620409,"33_Pattern","hard",8.70629676199951
86620409,"23_InitNumber","hard",5.00994982800057
86620409,"31_InitNumber","hard",4.98554460300056
86620409,"25_InitSorted","hard",7.62784044999989
86620409,"21_Number","hard",110.778080202
86620409,"29_Number","hard",7.57882598900051
86620409,"22_Number","hard",12.625936251
86620409,"35_Distance","hard",11.4960138830002
86620409,"24_Stability","hard",29.0899482929999
86620409,"26_Number","hard",17.8332044280005
86620409,"27_Sampling","hard",3.27176086600048
86620409,"28_Stability","hard",9.56201475999933
86620409,"34_Stability","hard",138.235954348001
86620409,"32_Stability","hard",236.760097624
86620409,"36_Distance","hard",4.03933634899931
13191935,"9_InitNumber","hard",5.85517218099994
13191935,"8_Number","hard",17.3370158460002
13191935,"14_Stability","hard",11.8879687480003
13191935,"16_Number","hard",14.4563098899998
13191935,"12_Number","hard",12.7617822209995
13191935,"10_Stability","hard",14.209734135
13191935,"17_InitNumber","hard",8.84123729600105
13191935,"13_Sampling","hard",11.4020241479993
13191935,"7_Number","hard",26.0011430249997
13191935,"18_Stability","hard",55.5943217160002
13191935,"15_Number","hard",11.9067934239993
13191935,"19_Pattern","hard",13.5301758490004
13191935,"20_Stability","hard",56.7289465229987
13191935,"11_InitSorted","hard",16.2890283510005
96947863,"22_Number","hard",41.6163399699999
96947863,"28_Stability","hard",16.5374342660016
96947863,"34_Stability","hard",24.9067153830001
96947863,"26_Number","hard",16.6113283310005
96947863,"27_Sampling","hard",3.83212131399887
96947863,"25_InitSorted","hard",29.711890351
96947863,"29_Number","hard",16.1297265070007
96947863,"30_Number","hard",14.8507016879994
96947863,"36_Distance","hard",16.0496468260008
96947863,"33_Pattern","hard",15.8830960089999
96947863,"24_Stability","hard",28.2103334719995
96947863,"21_Number","hard",16.8587696680006
96947863,"32_Stability","hard",19.666866702999
96947863,"35_Distance","hard",12.4338394499991
96947863,"31_InitNumber","hard",9.13104900100006
96947863,"23_InitNumber","hard",6.35410194499855
50705555,"23_InitNumber","hard",4.60948246599946
50705555,"27_Sampling","hard",2.86578555199958
50705555,"33_Pattern","hard",13.9295512520002
50705555,"31_InitNumber","hard",8.36991653099903
50705555,"28_Stability","hard",11.0245246839986
50705555,"29_Number","hard",11.2979957850002
50705555,"21_Number","hard",45.0977726359997
50705555,"35_Distance","hard",11.3767384659986
50705555,"34_Stability","hard",16.0811954870005
50705555,"30_Number","hard",12.5390534960025
50705555,"32_Stability","hard",14.6069764909989
50705555,"36_Distance","hard",8.8824121209982
50705555,"26_Number","hard",11.0960925319996
50705555,"24_Stability","hard",15.6583458860005
50705555,"25_InitSorted","hard",14.7777082930006
50705555,"22_Number","hard",20.7378147800009
36840945,"28_Stability","hard",34.4725018190002
36840945,"32_Stability","hard",33.7698047350023
36840945,"27_Sampling","hard",3.9931746229995
36840945,"25_InitSorted","hard",19.1686218529976
36840945,"21_Number","hard",27.891917383
36840945,"26_Number","hard",16.648225322002
36840945,"35_Distance","hard",16.1080775299997
36840945,"23_InitNumber","hard",7.09012793099828
36840945,"36_Distance","hard",11.8253081049988
36840945,"31_InitNumber","hard",9.65587393600072
36840945,"30_Number","hard",9.75949221200062
36840945,"34_Stability","hard",16.8695084729989
36840945,"22_Number","hard",44.3468545020005
36840945,"33_Pattern","hard",20.0632697910005
36840945,"29_Number","hard",11.053681772999
36840945,"24_Stability","hard",43.3495300860013
96569560,"25_InitSorted","hard",13.0183588829968
96569560,"29_Number","hard",14.5539036420014
96569560,"35_Distance","hard",15.0072366230015
96569560,"33_Pattern","hard",11.4250169169973
96569560,"30_Number","hard",13.4658812769994
96569560,"31_InitNumber","hard",8.07773294099752
96569560,"23_InitNumber","hard",7.06540846900316
96569560,"22_Number","hard",115.351507952997
96569560,"36_Distance","hard",13.1430244629955
96569560,"21_Number","hard",21.9147759940024
96569560,"32_Stability","hard",26.7336661849986
96569560,"34_Stability","hard",22.9810100300019
96569560,"28_Stability","hard",13.2140387010004
96569560,"26_Number","hard",29.9574087650035
96569560,"27_Sampling","hard",4.81535631199949
96569560,"24_Stability","hard",48.5291924169942
95623715,"9_InitNumber","hard",6.87197517499999
95623715,"8_Number","hard",16.858550705
95623715,"14_Stability","hard",17.264890575
95623715,"16_Number","hard",16.6677085490001
95623715,"12_Number","hard",6.89788653300002
95623715,"10_Stability","hard",17.3787620109999
95623715,"17_InitNumber","hard",13.738774555
95623715,"13_Sampling","hard",10.1680611730001
95623715,"7_Number","hard",17.7528767889999
95623715,"18_Stability","hard",38.6753978659999
95623715,"15_Number","hard",14.1228001520001
95623715,"19_Pattern","hard",12.0193535889998
95623715,"20_Stability","hard",39.6581278539998
95623715,"11_InitSorted","hard",12.812288956
75333214,"9_InitNumber","hard",10.8338719989997
75333214,"18_Stability","hard",112.825320836
75333214,"17_InitNumber","hard",13.5130201459997
75333214,"15_Number","hard",15.4499634610002
75333214,"11_InitSorted","hard",15.6177535659999
75333214,"16_Number","hard",17.0727770759995
75333214,"10_Stability","hard",19.2332897260003
75333214,"13_Sampling","hard",14.0100266620002
75333214,"20_Stability","hard",63.5930777570002
75333214,"12_Number","hard",18.0106032570002
75333214,"7_Number","hard",29.6186484339996
75333214,"8_Number","hard",20.9563065319999
75333214,"19_Pattern","hard",15.2665350670004
75333214,"14_Stability","hard",13.1937573969999
50687108,"32_Stability","hard",19.7298114139999
50687108,"22_Number","hard",17.4986307900001
50687108,"34_Stability","hard",15.5705617090002
50687108,"35_Distance","hard",9.10632664100012
50687108,"30_Number","hard",9.33014207499991
50687108,"33_Pattern","hard",9.69625441299968
50687108,"28_Stability","hard",12.1303463149998
50687108,"29_Number","hard",17.618204335
50687108,"21_Number","hard",18.4257354679999
50687108,"25_InitSorted","hard",27.3307053600001
50687108,"31_InitNumber","hard",6.4265448000001
50687108,"27_Sampling","hard",4.68337325499988
50687108,"26_Number","hard",9.62649757600002
50687108,"36_Distance","hard",7.66547134699977
50687108,"23_InitNumber","hard",6.3233119749998
50687108,"24_Stability","hard",12.0014045329999
90990113,"18_Stability","hard",31.0011788410002
90990113,"20_Stability","hard",32.6655951949997
90990113,"8_Number","hard",12.1783816179995
90990113,"12_Number","hard",18.9454149190005
90990113,"7_Number","hard",22.0909716510005
90990113,"19_Pattern","hard",15.6185517280001
90990113,"15_Number","hard",11.0492665150005
90990113,"17_InitNumber","hard",16.257577163
90990113,"16_Number","hard",18.1701767439999
90990113,"11_InitSorted","hard",16.768086819
90990113,"10_Stability","hard",15.7784140670001
90990113,"14_Stability","hard",18.0175212019994
90990113,"13_Sampling","hard",16.1218489189996
90990113,"9_InitNumber","hard",11.8415621089998
66340327,"34_Stability","hard",17.3942207140008
66340327,"31_InitNumber","hard",9.15392673100177
66340327,"26_Number","hard",13.9031009610007
66340327,"25_InitSorted","hard",17.0432398159992
66340327,"22_Number","hard",17.8021166770013
66340327,"32_Stability","hard",12.6164678460009
66340327,"27_Sampling","hard",3.89816198600056
66340327,"28_Stability","hard",7.39365948100021
66340327,"29_Number","hard",10.1137141590007
66340327,"30_Number","hard",7.96260206900115
66340327,"21_Number","hard",11.3527424330005
66340327,"23_InitNumber","hard",7.8498589080009
66340327,"24_Stability","hard",15.7363678989987
66340327,"36_Distance","hard",9.09857871399981
66340327,"33_Pattern","hard",13.5708784340004
66340327,"35_Distance","hard",9.66382517500097
26962873,"15_Number","hard",20.2814179359993
26962873,"19_Pattern","hard",18.4025289509991
26962873,"8_Number","hard",25.9061728270008
26962873,"20_Stability","hard",46.9148333029989
26962873,"13_Sampling","hard",13.8407630040001
26962873,"12_Number","hard",15.970860939
26962873,"9_InitNumber","hard",6.20252464199984
26962873,"7_Number","hard",35.1466029869989
26962873,"10_Stability","hard",12.6501758729992
26962873,"11_InitSorted","hard",12.5231076359996
26962873,"18_Stability","hard",42.362263590001
26962873,"16_Number","hard",12.1938955679998
26962873,"17_InitNumber","hard",15.2730113300004
26962873,"14_Stability","hard",17.8984087140016
41470889,"32_Stability","hard",14.838084862
41470889,"22_Number","hard",15.8590419760003
41470889,"34_Stability","hard",16.0094721499991
41470889,"35_Distance","hard",11.3545164610005
41470889,"30_Number","hard",6.34640473299805
41470889,"33_Pattern","hard",12.3125297720035
41470889,"28_Stability","hard",11.9032161229989
41470889,"29_Number","hard",6.75235571500161
41470889,"21_Number","hard",19.4745507820007
41470889,"25_InitSorted","hard",28.4423667320007
41470889,"31_InitNumber","hard",5.05839284800095
41470889,"27_Sampling","hard",4.38628334900204
41470889,"26_Number","hard",14.0432879629989
41470889,"36_Distance","hard",10.1923025329997
41470889,"23_InitNumber","hard",5.25824499800001
41470889,"24_Stability","hard",15.9941794279985
11547421,"17_InitNumber","hard",7.30586238600154
11547421,"10_Stability","hard",12.6733759369999
11547421,"9_InitNumber","hard",4.29027861400027
11547421,"14_Stability","hard",9.05647114100066
11547421,"19_Pattern","hard",8.5629776679998
11547421,"18_Stability","hard",36.2743197130003
11547421,"7_Number","hard",9.50527140600025
11547421,"16_Number","hard",10.6263509269993
11547421,"11_InitSorted","hard",12.2171448059999
11547421,"8_Number","hard",24.8175065729993
11547421,"15_Number","hard",23.8577213399985
11547421,"12_Number","hard",17.2493131540032
11547421,"20_Stability","hard",58.4660440570005
11547421,"13_Sampling","hard",12.6736328040024
29558286,"22_Number","hard",39.0192973760059
29558286,"23_InitNumber","hard",8.62419919099921
29558286,"31_InitNumber","hard",10.586491405993
29558286,"28_Stability","hard",12.1949683700004
29558286,"32_Stability","hard",24.8910803290055
29558286,"26_Number","hard",20.0499845360027
29558286,"24_Stability","hard",48.034499733003
29558286,"30_Number","hard",11.1932674490017
29558286,"35_Distance","hard",19.1854172930034
29558286,"34_Stability","hard",25.0564881699975
29558286,"21_Number","hard",18.2843547299999
29558286,"33_Pattern","hard",20.2809061399967
29558286,"27_Sampling","hard",7.45855509299872
29558286,"36_Distance","hard",22.4420494320002
29558286,"25_InitSorted","hard",19.0022296219977
29558286,"29_Number","hard",15.4977667879939
36605881,"32_Stability","hard",41.9401753459999
36605881,"22_Number","hard",71.138194827
36605881,"34_Stability","hard",38.9480562840001
36605881,"35_Distance","hard",23.1609248669999
36605881,"30_Number","hard",15.4819276989999
36605881,"33_Pattern","hard",12.7314901230002
36605881,"28_Stability","hard",22.9294052790001
36605881,"29_Number","hard",17.3939478689999
36605881,"21_Number","hard",15.6737996950001
36605881,"25_InitSorted","hard",16.9687891029998
36605881,"31_InitNumber","hard",11.865299821
36605881,"27_Sampling","hard",7.14572726200004
36605881,"26_Number","hard",20.1219387729998
36605881,"36_Distance","hard",17.8268593749999
36605881,"23_InitNumber","hard",10.0665694179997
36605881,"24_Stability","hard",35.0665776610003
64764501,"34_Stability","hard",68.9931983879942
64764501,"28_Stability","hard",22.1845144750041
64764501,"30_Number","hard",12.5289504269967
64764501,"22_Number","hard",28.2736455849954
64764501,"31_InitNumber","hard",10.2412086759941
64764501,"29_Number","hard",18.7534604920002
64764501,"32_Stability","hard",25.626391480997
64764501,"25_InitSorted","hard",31.4254734530041
64764501,"27_Sampling","hard",4.88136374999885
64764501,"33_Pattern","hard",14.6805053950011
64764501,"26_Number","hard",16.1126265810017
64764501,"21_Number","hard",24.1353856799979
64764501,"24_Stability","hard",33.1347071950004
64764501,"23_InitNumber","hard",9.93669164099992
64764501,"35_Distance","hard",16.9943349120003
64764501,"36_Distance","hard",14.209869489001
19543276,"22_Number","hard",62.9467174890001
19543276,"23_InitNumber","hard",17.736815318
19543276,"31_InitNumber","hard",16.7935771410002
19543276,"28_Stability","hard",36.3292622260001
19543276,"32_Stability","hard",36.240851603
19543276,"26_Number","hard",28.0588084320002
19543276,"24_Stability","hard",54.728832198
19543276,"30_Number","hard",33.8074676269998
19543276,"35_Distance","hard",28.7883588909999
19543276,"34_Stability","hard",123.858229383
19543276,"21_Number","hard",26.5313123160004
19543276,"33_Pattern","hard",17.3207058020002
19543276,"27_Sampling","hard",8.1225571949999
19543276,"36_Distance","hard",18.1220190049999
19543276,"25_InitSorted","hard",16.4502608340003
19543276,"29_Number","hard",18.1801667039999
99872580,"16_Number","hard",12.8471415160002
99872580,"11_InitSorted","hard",12.8426812420003
99872580,"7_Number","hard",13.7465567939998
99872580,"17_InitNumber","hard",16.6330842370007
99872580,"14_Stability","hard",18.2159867489991
99872580,"8_Number","hard",21.0351337709999
99872580,"19_Pattern","hard",18.2510580909984
99872580,"15_Number","hard",21.0173402119999
99872580,"18_Stability","hard",90.427164359
99872580,"13_Sampling","hard",13.5462389570002
99872580,"9_InitNumber","hard",9.84125154700087
99872580,"20_Stability","hard",83.5542782860011
99872580,"10_Stability","hard",26.5147994599993
99872580,"12_Number","hard",18.2749568700001
43013681,"16_Number","hard",18.6878831840004
43013681,"11_InitSorted","hard",20.0926603219996
43013681,"7_Number","hard",8.21623340400038
43013681,"17_InitNumber","hard",16.2394698890002
43013681,"14_Stability","hard",19.7527763729995
43013681,"8_Number","hard",24.295220891001
43013681,"19_Pattern","hard",22.1351539989992
43013681,"15_Number","hard",19.4455356430008
43013681,"18_Stability","hard",33.8055629630016
43013681,"13_Sampling","hard",18.3527035229999
43013681,"9_InitNumber","hard",15.1205870579997
43013681,"20_Stability","hard",57.7236960340015
43013681,"10_Stability","hard",17.9514349749988
43013681,"12_Number","hard",18.8768057449997
57612848,"19_Pattern","hard",23.1169423980009
57612848,"18_Stability","hard",51.2787742870005
57612848,"9_InitNumber","hard",15.1816134469991
57612848,"15_Number","hard",24.7746242209996
57612848,"11_InitSorted","hard",21.6371649839984
57612848,"10_Stability","hard",22.6338381599999
57612848,"20_Stability","hard",49.5281251399974
57612848,"12_Number","hard",18.7449301909983
57612848,"17_InitNumber","hard",15.8761915059986
57612848,"16_Number","hard",15.809048244002
57612848,"13_Sampling","hard",18.3136220660017
57612848,"14_Stability","hard",19.3954269009992
57612848,"7_Number","hard",24.8187847000008
57612848,"8_Number","hard",22.4868168489993
93164057,"20_Stability","hard",125.341658219
93164057,"19_Pattern","hard",27.0340067889992
93164057,"14_Stability","hard",20.9019174399982
93164057,"9_InitNumber","hard",12.4322107099979
93164057,"17_InitNumber","hard",23.4199289749995
93164057,"8_Number","hard",30.005064893001
93164057,"12_Number","hard",19.943688239
93164057,"18_Stability","hard",38.1014705400012
93164057,"11_InitSorted","hard",20.4355411609977
93164057,"7_Number","hard",21.8548107219976
93164057,"16_Number","hard",16.3207941820001
93164057,"15_Number","hard",16.5055486979982
93164057,"10_Stability","hard",21.5525294830004
93164057,"13_Sampling","hard",12.548029575999
50997125,"32_Stability","hard",21.7126069460001
50997125,"22_Number","hard",39.4729182740002
50997125,"34_Stability","hard",23.8089804310002
50997125,"35_Distance","hard",23.7049041669998
50997125,"30_Number","hard",16.9372067889999
50997125,"33_Pattern","hard",22.5039563150003
50997125,"28_Stability","hard",19.0001188340002
50997125,"29_Number","hard",20.6580238089991
50997125,"21_Number","hard",23.0972106910003
50997125,"25_InitSorted","hard",19.490854832
50997125,"31_InitNumber","hard",13.3128916200003
50997125,"27_Sampling","hard",7.59351567300018
50997125,"26_Number","hard",25.5615289169991
50997125,"36_Distance","hard",17.4880815629995
50997125,"23_InitNumber","hard",14.9685301710006
50997125,"24_Stability","hard",37.3847506579996
35505921,"32_Stability","hard",22.8904586120007
35505921,"22_Number","hard",22.3456538850005
35505921,"34_Stability","hard",27.5426656130003
35505921,"35_Distance","hard",18.8847724709995
35505921,"30_Number","hard",10.3207271709998
35505921,"33_Pattern","hard",15.6232291050001
35505921,"28_Stability","hard",14.856465502
35505921,"29_Number","hard",13.975377019
35505921,"21_Number","hard",13.5686134999996
35505921,"25_InitSorted","hard",20.4857636529996
35505921,"31_InitNumber","hard",8.00856905600085
35505921,"27_Sampling","hard",6.85185914300018
35505921,"26_Number","hard",16.3841981930018
35505921,"36_Distance","hard",16.2666854430026
35505921,"23_InitNumber","hard",7.29247047099852
35505921,"24_Stability","hard",20.0917169730019
34460692,"19_Pattern","hard",15.5768703840004
34460692,"18_Stability","hard",50.6254736619994
34460692,"9_InitNumber","hard",4.14305175399932
34460692,"15_Number","hard",13.4203142929982
34460692,"11_InitSorted","hard",13.4544545619974
34460692,"10_Stability","hard",13.4934150330009
34460692,"20_Stability","hard",64.6216782250012
34460692,"12_Number","hard",11.9865502350003
34460692,"17_InitNumber","hard",8.23464553700251
34460692,"16_Number","hard",10.5856578220009
34460692,"13_Sampling","hard",12.5571719649997
34460692,"14_Stability","hard",11.1688199260025
34460692,"7_Number","hard",17.989787855
34460692,"8_Number","hard",18.903135110002
60406390,"32_Stability","hard",32.0183656929985
60406390,"22_Number","hard",29.8330937659994
60406390,"34_Stability","hard",25.6184552030027
60406390,"35_Distance","hard",15.3063429909998
60406390,"30_Number","hard",11.6821470519972
60406390,"33_Pattern","hard",19.4977082530022
60406390,"28_Stability","hard",15.7211508859982
60406390,"29_Number","hard",14.339541401001
60406390,"21_Number","hard",29.6027479279983
60406390,"25_InitSorted","hard",34.0505260630016
60406390,"31_InitNumber","hard",10.8097619019973
60406390,"27_Sampling","hard",12.0650223449993
60406390,"26_Number","hard",17.3775452600021
60406390,"36_Distance","hard",19.8894900509986
60406390,"23_InitNumber","hard",9.33831369100153
60406390,"24_Stability","hard",43.8019360100006
52580007,"16_Number","hard",17.8579161380003
52580007,"11_InitSorted","hard",17.4570589939976
52580007,"7_Number","hard",36.3203197840012
52580007,"17_InitNumber","hard",16.4108960090016
52580007,"14_Stability","hard",14.0994959239979
52580007,"8_Number","hard",20.8971785920003
52580007,"19_Pattern","hard",16.2425471899987
52580007,"15_Number","hard",17.4969630209998
52580007,"18_Stability","hard",35.8585939919976
52580007,"13_Sampling","hard",26.8664084670017
52580007,"9_InitNumber","hard",8.79404193099981
52580007,"20_Stability","hard",111.801738668
52580007,"10_Stability","hard",17.5223799509986
52580007,"12_Number","hard",15.4579941619995
43841184,"32_Stability","hard",18.7214373229999
43841184,"22_Number","hard",40.4343056329999
43841184,"34_Stability","hard",28.1303808940011
43841184,"35_Distance","hard",20.9854066440002
43841184,"30_Number","hard",20.9856437529997
43841184,"33_Pattern","hard",17.3067902599996
43841184,"28_Stability","hard",24.945727544
43841184,"29_Number","hard",19.5856122519999
43841184,"21_Number","hard",23.082419155
43841184,"25_InitSorted","hard",43.7226704780005
43841184,"31_InitNumber","hard",13.1707804569996
43841184,"27_Sampling","hard",5.04107637199922
43841184,"26_Number","hard",27.9784556670002
43841184,"36_Distance","hard",24.5311158080003
43841184,"23_InitNumber","hard",12.2421027849996
43841184,"24_Stability","hard",37.5062658120005
71866086,"32_Stability","hard",12.11616645
71866086,"22_Number","hard",17.6182284280001
71866086,"34_Stability","hard",9.23400176099994
71866086,"35_Distance","hard",12.290293324
71866086,"30_Number","hard",7.03428789099985
71866086,"33_Pattern","hard",9.16937645500002
71866086,"28_Stability","hard",12.1937642299999
71866086,"29_Number","hard",8.95351973600009
71866086,"21_Number","hard",11.473276664
71866086,"25_InitSorted","hard",20.4912552769999
71866086,"31_InitNumber","hard",6.23445070900016
71866086,"27_Sampling","hard",4.20340643099985
71866086,"26_Number","hard",10.929358202
71866086,"36_Distance","hard",9.90647029100001
71866086,"23_InitNumber","hard",6.65746860600007
71866086,"24_Stability","hard",25.649949014
91995884,"19_Pattern","hard",13.0093348119999
91995884,"18_Stability","hard",46.5387107349998
91995884,"9_InitNumber","hard",6.81096004600022
91995884,"15_Number","hard",14.130427176
91995884,"11_InitSorted","hard",13.2672423880003
91995884,"10_Stability","hard",15.6744911750002
91995884,"20_Stability","hard",31.729501973
91995884,"12_Number","hard",12.1049894140006
91995884,"17_InitNumber","hard",11.1952823300007
91995884,"16_Number","hard",12.242571197
91995884,"13_Sampling","hard",18.7448199870005
91995884,"14_Stability","hard",10.6578271899998
91995884,"7_Number","hard",13.969966394
91995884,"8_Number","hard",16.1448484719995
75643848,"16_Number","hard",11.2016444139999
75643848,"11_InitSorted","hard",11.331826544
75643848,"7_Number","hard",20.258930235
75643848,"17_InitNumber","hard",10.971302981
75643848,"14_Stability","hard",10.7138045630002
75643848,"8_Number","hard",10.8347377910002
75643848,"19_Pattern","hard",10.7677456470001
75643848,"15_Number","hard",11.1140982680001
75643848,"18_Stability","hard",67.594043912
75643848,"13_Sampling","hard",11.034609624
75643848,"9_InitNumber","hard",5.56282595800008
75643848,"20_Stability","hard",58.8595845140001
75643848,"10_Stability","hard",10.7307492299999
75643848,"12_Number","hard",11.2194795539999
74165640,"16_Number","hard",18.1538295939999
74165640,"11_InitSorted","hard",15.9956304850002
74165640,"7_Number","hard",12.8256325889997
74165640,"17_InitNumber","hard",15.6482854320002
74165640,"14_Stability","hard",15.1378042729993
74165640,"8_Number","hard",20.8341803140002
74165640,"19_Pattern","hard",12.4811986189998
74165640,"15_Number","hard",20.6661827299995
74165640,"18_Stability","hard",71.0365489360001
74165640,"13_Sampling","hard",13.5890141669997
74165640,"9_InitNumber","hard",9.28056293999998
74165640,"20_Stability","hard",36.7947976190007
74165640,"10_Stability","hard",15.4669901569996
74165640,"12_Number","hard",12.40095612
57972367,"16_Number","hard",9.9604654310001
57972367,"11_InitSorted","hard",12.2910814209999
57972367,"7_Number","hard",11.201986909
57972367,"17_InitNumber","hard",12.546193309
57972367,"14_Stability","hard",13.042377017
57972367,"8_Number","hard",12.7626435080001
57972367,"19_Pattern","hard",9.82498721700017
57972367,"15_Number","hard",8.53817517300013
57972367,"18_Stability","hard",36.1549545669998
57972367,"13_Sampling","hard",8.51397292699994
57972367,"9_InitNumber","hard",4.72845741499987
57972367,"20_Stability","hard",65.380658394
57972367,"10_Stability","hard",12.0589956199999
57972367,"12_Number","hard",9.95416405099991
93344365,"32_Stability","hard",19.8625979260005
93344365,"22_Number","hard",20.5618962110002
93344365,"34_Stability","hard",23.0412332209999
93344365,"35_Distance","hard",17.107135749
93344365,"30_Number","hard",8.91538956699969
93344365,"33_Pattern","hard",15.5200167909998
93344365,"28_Stability","hard",11.2731759640001
93344365,"29_Number","hard",11.2425648620001
93344365,"21_Number","hard",15.4267876309996
93344365,"25_InitSorted","hard",11.4739902110005
93344365,"31_InitNumber","hard",12.0965667250002
93344365,"27_Sampling","hard",4.105077962
93344365,"26_Number","hard",12.5952092589996
93344365,"36_Distance","hard",12.3538459190004
93344365,"23_InitNumber","hard",5.88060822199986
93344365,"24_Stability","hard",38.7308706289996
98376283,"32_Stability","hard",24.174578354
98376283,"22_Number","hard",51.787451661
98376283,"34_Stability","hard",28.0265704120002
98376283,"35_Distance","hard",20.0499988660004
98376283,"30_Number","hard",12.0113230389998
98376283,"33_Pattern","hard",26.0669141779999
98376283,"28_Stability","hard",22.6406497990001
98376283,"29_Number","hard",13.3295185469997
98376283,"21_Number","hard",17.1132252220004
98376283,"25_InitSorted","hard",47.8655637659995
98376283,"31_InitNumber","hard",13.9941044000007
98376283,"27_Sampling","hard",5.45884671299973
98376283,"26_Number","hard",24.7536242890001
98376283,"36_Distance","hard",14.6339417170002
98376283,"23_InitNumber","hard",8.90659893100019
98376283,"24_Stability","hard",47.1474424700009
15322647,"32_Stability","hard",26.0612947749996
15322647,"22_Number","hard",38.1226265710011
15322647,"34_Stability","hard",23.9057955859989
15322647,"35_Distance","hard",18.6433588299988
15322647,"30_Number","hard",12.503062804999
15322647,"33_Pattern","hard",18.3941268969993
15322647,"28_Stability","hard",27.3134343780002
15322647,"29_Number","hard",21.8569555039994
15322647,"21_Number","hard",24.9942049059991
15322647,"25_InitSorted","hard",30.8016433140001
15322647,"31_InitNumber","hard",10.6569527920001
15322647,"27_Sampling","hard",5.39503597200019
15322647,"26_Number","hard",14.8909644249998
15322647,"36_Distance","hard",15.5460979159998
15322647,"23_InitNumber","hard",9.40164292099871
15322647,"24_Stability","hard",42.4252901830005
31296749,"32_Stability","hard",23.6152102350006
31296749,"22_Number","hard",48.9472291700004
31296749,"34_Stability","hard",67.578369289
31296749,"35_Distance","hard",7.52315578399975
31296749,"30_Number","hard",19.0741860819999
31296749,"33_Pattern","hard",18.8810686600009
31296749,"28_Stability","hard",20.5296275059991
31296749,"29_Number","hard",24.4663708299995
31296749,"21_Number","hard",35.2496012469983
31296749,"25_InitSorted","hard",43.1472048759988
31296749,"31_InitNumber","hard",12.777836239
31296749,"27_Sampling","hard",9.56981880800049
31296749,"26_Number","hard",24.8574614949994
31296749,"36_Distance","hard",25.7214262220004
31296749,"23_InitNumber","hard",8.12999524500083
31296749,"24_Stability","hard",43.1052970599994
29333268,"16_Number","hard",12.6656313110034
29333268,"11_InitSorted","hard",25.619701353
29333268,"7_Number","hard",29.8032199009976
29333268,"17_InitNumber","hard",13.8659036809986
29333268,"14_Stability","hard",13.3789217070007
29333268,"8_Number","hard",12.1779455889991
29333268,"19_Pattern","hard",10.2277166300009
29333268,"15_Number","hard",8.53772772299999
29333268,"18_Stability","hard",49.0492799460008
29333268,"13_Sampling","hard",9.46654226999817
29333268,"9_InitNumber","hard",5.05723298999874
29333268,"20_Stability","hard",42.3533999200008
29333268,"10_Stability","hard",8.54632710299848
29333268,"12_Number","hard",10.1777423579988
