"","id","trial","easy","hard"
"1","BuildTask_170418_01",19,16.7262834809953,22.4665897469968
"2","BuildTask_170418_01",12,3.27389745500113,21.4178217959998
"3","BuildTask_170418_01",11,20.658254654998,21.4177158910024
"4","BuildTask_170418_01",16,6.78677195400087,19.3862718259988
"5","BuildTask_170418_01",20,52.1129334500001,56.3117049130014
"6","BuildTask_170418_01",9,2.21643134400074,11.3478876299996
"7","BuildTask_170418_01",18,6.9612413750001,39.0017837560008
"8","BuildTask_170418_01",13,10.1867751040045,11.7226715659999
"9","BuildTask_170418_01",10,5.77169309199962,22.0976553979999
"10","BuildTask_170418_01",17,6.66518869500578,17.8171882960014
"11","BuildTask_170418_01",8,7.59310114599793,27.754449565
"12","BuildTask_170418_01",7,2.64155490700068,23.9702575560004
"13","BuildTask_170418_01",14,11.6744294550008,20.2996145049983
"14","BuildTask_170418_01",15,4.66681445099675,20.0824661160004
"15","BuildTask_170418_02",12,2.56121328199515,8.98619385900383
"16","BuildTask_170418_02",13,7.59428642700368,10.753625708996
"17","BuildTask_170418_02",8,2.23973085099715,12.350960667005
"18","BuildTask_170418_02",14,6.24269898499915,8.93881413099734
"19","BuildTask_170418_02",9,0.802728720002051,5.7223524889996
"20","BuildTask_170418_02",20,22.7640885010042,42.2883144539956
"21","BuildTask_170418_02",10,6.70674869600043,18.7211543129961
"22","BuildTask_170418_02",18,5.84689763899951,44.2270016960028
"23","BuildTask_170418_02",19,10.7948309670028,16.2174182559975
"24","BuildTask_170418_02",7,1.91369136999856,14.6428946059968
"25","BuildTask_170418_02",17,2.49593985799584,10.8737236710003
"26","BuildTask_170418_02",15,7.36906029399688,14.4904090869968
"27","BuildTask_170418_02",16,3.63292695099517,9.03441444799682
"28","BuildTask_170418_02",11,8.36168199100211,12.2105554739974
"29","BuildTask_170418_03",23,0.946147787006339,9.55338286200276
"30","BuildTask_170418_03",21,2.30609873799403,16.3549536150022
"31","BuildTask_170418_03",24,5.13644026400289,33.034045032
"32","BuildTask_170418_03",26,3.7042523850032,23.6819510799978
"33","BuildTask_170418_03",30,1.08933508300106,6.55535025199788
"34","BuildTask_170418_03",36,7.85869315300079,11.7149323080012
"35","BuildTask_170418_03",32,6.58600697899965,97.8501691159981
"36","BuildTask_170418_03",25,13.8742310290036,14.6260947900009
"37","BuildTask_170418_03",34,12.6256278270012,133.857982745998
"38","BuildTask_170418_03",31,1.10716461999982,5.95244847099821
"39","BuildTask_170418_03",22,1.69674081500125,15.8988007769949
"40","BuildTask_170418_03",29,1.29053603099601,12.6744425399957
"41","BuildTask_170418_03",35,10.1847930420045,10.0100722700008
"42","BuildTask_170418_03",28,6.35324579699954,11.6101649759948
"43","BuildTask_170418_03",27,2.71393250000256,2.8818973860034
"44","BuildTask_170418_03",33,7.53408865600068,12.1300682120054
"45","BuildTask_170419_01",30,0.651243151999552,4.76223408700025
"46","BuildTask_170419_01",33,8.3293580720001,8.70629676199951
"47","BuildTask_170419_01",23,1.16273545100012,5.00994982800057
"48","BuildTask_170419_01",31,1.1284757859994,4.98554460300056
"49","BuildTask_170419_01",25,5.5783273829993,7.62784044999989
"50","BuildTask_170419_01",21,1.7936476040004,110.778080202
"51","BuildTask_170419_01",29,1.5466512310004,7.57882598900051
"52","BuildTask_170419_01",22,2.00119347799955,12.625936251
"53","BuildTask_170419_01",35,8.98596774700036,11.4960138830002
"54","BuildTask_170419_01",24,7.05109684800027,29.0899482929999
"55","BuildTask_170419_01",26,2.89631676299996,17.8332044280005
"56","BuildTask_170419_01",27,2.10508184599985,3.27176086600048
"57","BuildTask_170419_01",28,10.8506522539992,9.56201475999933
"58","BuildTask_170419_01",34,14.3717407650001,138.235954348001
"59","BuildTask_170419_01",32,7.97068677700008,236.760097624
"60","BuildTask_170419_01",36,9.04127482700005,4.03933634899931
"61","TEDE_170419_03",9,1.14860070299983,5.85517218099994
"62","TEDE_170419_03",8,4.01818421099961,17.3370158460002
"63","TEDE_170419_03",14,7.89894488100072,11.8879687480003
"64","TEDE_170419_03",16,3.33986232699863,14.4563098899998
"65","TEDE_170419_03",12,3.08308707900142,12.7617822209995
"66","TEDE_170419_03",10,5.73872683199988,14.209734135
"67","TEDE_170419_03",17,1.97751575999973,8.84123729600105
"68","TEDE_170419_03",13,9.17699518300105,11.4020241479993
"69","TEDE_170419_03",7,1.55521786200006,26.0011430249997
"70","TEDE_170419_03",18,8.61819979900065,55.5943217160002
"71","TEDE_170419_03",15,5.63379237800109,11.9067934239993
"72","TEDE_170419_03",19,11.86622154,13.5301758490004
"73","TEDE_170419_03",20,25.7625840379987,56.7289465229987
"74","TEDE_170419_03",11,12.4570349909991,16.2890283510005
"75","TEDE_170419_04",22,1.92300654099927,41.6163399699999
"76","TEDE_170419_04",28,28.1388015989996,16.5374342660016
"77","TEDE_170419_04",34,21.4656409099989,24.9067153830001
"78","TEDE_170419_04",26,5.21603318999951,16.6113283310005
"79","TEDE_170419_04",27,2.96113383400007,3.83212131399887
"80","TEDE_170419_04",25,22.9535620549996,29.711890351
"81","TEDE_170419_04",29,1.20032803999857,16.1297265070007
"82","TEDE_170419_04",30,1.26390782999988,14.8507016879994
"83","TEDE_170419_04",36,13.6898269600006,16.0496468260008
"84","TEDE_170419_04",33,10.0916064459998,15.8830960089999
"85","TEDE_170419_04",24,5.15367216100094,28.2103334719995
"86","TEDE_170419_04",21,3.48319990699929,16.8587696680006
"87","TEDE_170419_04",32,8.1776140740003,19.666866702999
"88","TEDE_170419_04",35,11.9435552899995,12.4338394499991
"89","TEDE_170419_04",31,1.92960428700098,9.13104900100006
"90","TEDE_170419_04",23,2.61098250599935,6.35410194499855
"91","TEDE_170419_05",23,1.31439330000285,4.60948246599946
"92","TEDE_170419_05",27,2.62566960899858,2.86578555199958
"93","TEDE_170419_05",33,11.418095727,13.9295512520002
"94","TEDE_170419_05",31,1.72026667699902,8.36991653099903
"95","TEDE_170419_05",28,13.0727216199994,11.0245246839986
"96","TEDE_170419_05",29,1.43364163899969,11.2979957850002
"97","TEDE_170419_05",21,2.44133867300116,45.0977726359997
"98","TEDE_170419_05",35,8.83509079199939,11.3767384659986
"99","TEDE_170419_05",34,15.1702548579997,16.0811954870005
"100","TEDE_170419_05",30,1.30785735900281,12.5390534960025
"101","TEDE_170419_05",32,3.33838298400224,14.6069764909989
"102","TEDE_170419_05",36,8.92319023899836,8.8824121209982
"103","TEDE_170419_05",26,2.34540608899988,11.0960925319996
"104","TEDE_170419_05",24,2.76360473100067,15.6583458860005
"105","TEDE_170419_05",25,17.1465591910019,14.7777082930006
"106","TEDE_170419_05",22,2.24232074099928,20.7378147800009
"107","BuildTask_170421_01",27,NA,NA
"108","BuildTask_170421_01",24,NA,NA
"109","BuildTask_170421_01",29,NA,NA
"110","BuildTask_170421_01",33,NA,NA
"111","BuildTask_170421_01",35,NA,NA
"112","BuildTask_170421_01",31,NA,NA
"113","BuildTask_170421_01",28,NA,NA
"114","BuildTask_170421_01",26,NA,NA
"115","BuildTask_170421_01",32,NA,NA
"116","BuildTask_170421_01",21,NA,NA
"117","BuildTask_170421_01",25,NA,NA
"118","BuildTask_170421_01",34,NA,NA
"119","BuildTask_170421_01",36,NA,NA
"120","BuildTask_170421_01",22,NA,NA
"121","BuildTask_170421_01",30,NA,NA
"122","BuildTask_170421_01",23,NA,NA
"123","BuildTask_170421_01_real",28,31.4028845140019,34.4725018190002
"124","BuildTask_170421_01_real",32,24.7879196649992,33.7698047350023
"125","BuildTask_170421_01_real",27,5.88536187999853,3.9931746229995
"126","BuildTask_170421_01_real",25,12.7087303119988,19.1686218529976
"127","BuildTask_170421_01_real",21,2.71358336200137,27.891917383
"128","BuildTask_170421_01_real",26,6.37436305400115,16.648225322002
"129","BuildTask_170421_01_real",35,14.167370490999,16.1080775299997
"130","BuildTask_170421_01_real",23,1.20856359499885,7.09012793099828
"131","BuildTask_170421_01_real",36,13.922568001999,11.8253081049988
"132","BuildTask_170421_01_real",31,3.05719446900184,9.65587393600072
"133","BuildTask_170421_01_real",30,0.792255570999259,9.75949221200062
"134","BuildTask_170421_01_real",34,17.8411765319979,16.8695084729989
"135","BuildTask_170421_01_real",22,2.88848877200144,44.3468545020005
"136","BuildTask_170421_01_real",33,10.4620361999987,20.0632697910005
"137","BuildTask_170421_01_real",29,1.23224761899837,11.053681772999
"138","BuildTask_170421_01_real",24,0.000233360999118304,43.3495300860013
"139","BuildTask_170421_02",25,15.8743695309968,13.0183588829968
"140","BuildTask_170421_02",29,1.48735718199896,14.5539036420014
"141","BuildTask_170421_02",35,11.8574719660028,15.0072366230015
"142","BuildTask_170421_02",33,7.0824859380009,11.4250169169973
"143","BuildTask_170421_02",30,1.2326727260006,13.4658812769994
"144","BuildTask_170421_02",31,1.45758401599596,8.07773294099752
"145","BuildTask_170421_02",23,1.7690330559999,7.06540846900316
"146","BuildTask_170421_02",22,2.15240483499656,115.351507952997
"147","BuildTask_170421_02",36,13.6958277919985,13.1430244629955
"148","BuildTask_170421_02",21,2.80819445299858,21.9147759940024
"149","BuildTask_170421_02",32,5.16090948200144,26.7336661849986
"150","BuildTask_170421_02",34,23.7096609889995,22.9810100300019
"151","BuildTask_170421_02",28,17.3326151639994,13.2140387010004
"152","BuildTask_170421_02",26,3.48889704699832,29.9574087650035
"153","BuildTask_170421_02",27,4.35279547500249,4.81535631199949
"154","BuildTask_170421_02",24,6.84872763400199,48.5291924169942
"155","BuildTask_170426_01",9,1.02880044500012,6.87197517499999
"156","BuildTask_170426_01",8,5.681362025,16.858550705
"157","BuildTask_170426_01",14,8.34553448400015,17.264890575
"158","BuildTask_170426_01",16,4.57056992399998,16.6677085490001
"159","BuildTask_170426_01",12,2.43508948500016,6.89788653300002
"160","BuildTask_170426_01",10,4.62513385500006,17.3787620109999
"161","BuildTask_170426_01",17,2.98649115700005,13.738774555
"162","BuildTask_170426_01",13,11.6675151740001,10.1680611730001
"163","BuildTask_170426_01",7,2.52792488399996,17.7528767889999
"164","BuildTask_170426_01",18,5.55354010499991,38.6753978659999
"165","BuildTask_170426_01",15,4.61113849899994,14.1228001520001
"166","BuildTask_170426_01",19,10.1699716580001,12.0193535889998
"167","BuildTask_170426_01",20,19.714178421,39.6581278539998
"168","BuildTask_170426_01",11,12.3309342019998,12.812288956
"185","BuildTask_170426_03",9,2.00016515400057,10.8338719989997
"186","BuildTask_170426_03",18,8.42555094599993,112.825320836
"187","BuildTask_170426_03",17,3.89818195400039,13.5130201459997
"188","BuildTask_170426_03",15,10.4583168159998,15.4499634610002
"189","BuildTask_170426_03",11,13.393581581,15.6177535659999
"190","BuildTask_170426_03",16,3.90569241200046,17.0727770759995
"191","BuildTask_170426_03",10,7.10459854700002,19.2332897260003
"192","BuildTask_170426_03",13,9.65809304899994,14.0100266620002
"193","BuildTask_170426_03",20,23.9394084689993,63.5930777570002
"194","BuildTask_170426_03",12,1.70774467199954,18.0106032570002
"195","BuildTask_170426_03",7,2.61943897400033,29.6186484339996
"196","BuildTask_170426_03",8,6.35444047500005,20.9563065319999
"197","BuildTask_170426_03",19,14.2976792429999,15.2665350670004
"198","BuildTask_170426_03",14,7.47410054800002,13.1937573969999
"199","BuildTask_170428_01",32,4.26437740899996,19.7298114139999
"200","BuildTask_170428_01",22,3.3292319919999,17.4986307900001
"201","BuildTask_170428_01",34,12.7374834369998,15.5705617090002
"202","BuildTask_170428_01",35,9.99325578200023,9.10632664100012
"203","BuildTask_170428_01",30,0.46580241699985,9.33014207499991
"204","BuildTask_170428_01",33,9.08248564099995,9.69625441299968
"205","BuildTask_170428_01",28,11.827277073,12.1303463149998
"206","BuildTask_170428_01",29,0.938728731000083,17.618204335
"207","BuildTask_170428_01",21,2.59414565399993,18.4257354679999
"208","BuildTask_170428_01",25,18.7532406389996,27.3307053600001
"209","BuildTask_170428_01",31,1.60932540500016,6.4265448000001
"210","BuildTask_170428_01",27,1.94616858300014,4.68337325499988
"211","BuildTask_170428_01",26,2.19335763900017,9.62649757600002
"212","BuildTask_170428_01",36,8.16116771899988,7.66547134699977
"213","BuildTask_170428_01",23,1.88051729699964,6.3233119749998
"214","BuildTask_170428_01",24,4.36237425899981,12.0014045329999
"215","BuildTask_170428_02",18,6.86349571900064,31.0011788410002
"216","BuildTask_170428_02",20,19.2666501660005,32.6655951949997
"217","BuildTask_170428_02",8,5.32251337300022,12.1783816179995
"218","BuildTask_170428_02",12,2.82667182299974,18.9454149190005
"219","BuildTask_170428_02",7,1.50500608199945,22.0909716510005
"220","BuildTask_170428_02",19,12.4652481439998,15.6185517280001
"221","BuildTask_170428_02",15,4.68037450999964,11.0492665150005
"222","BuildTask_170428_02",17,7.43952602399986,16.257577163
"223","BuildTask_170428_02",16,4.02545858600024,18.1701767439999
"224","BuildTask_170428_02",11,11.1304766620005,16.768086819
"225","BuildTask_170428_02",10,3.45709759900001,15.7784140670001
"226","BuildTask_170428_02",14,9.86645639499966,18.0175212019994
"227","BuildTask_170428_02",13,9.29858493499978,16.1218489189996
"228","BuildTask_170428_02",9,5.48985366900069,11.8415621089998
"229","BuildTask_170428_03",34,11.8020591469995,17.3942207140008
"230","BuildTask_170428_03",31,0.961682667000787,9.15392673100177
"231","BuildTask_170428_03",26,2.13001164099842,13.9031009610007
"232","BuildTask_170428_03",25,13.4907401649998,17.0432398159992
"233","BuildTask_170428_03",22,1.51484986600008,17.8021166770013
"234","BuildTask_170428_03",32,8.17878565599858,12.6164678460009
"235","BuildTask_170428_03",27,2.14694764300111,3.89816198600056
"236","BuildTask_170428_03",28,10.7375504070005,7.39365948100021
"237","BuildTask_170428_03",29,1.27474097300001,10.1137141590007
"238","BuildTask_170428_03",30,1.09749887500038,7.96260206900115
"239","BuildTask_170428_03",21,1.07464144899859,11.3527424330005
"240","BuildTask_170428_03",23,1.40914715299914,7.8498589080009
"241","BuildTask_170428_03",24,4.66673599700152,15.7363678989987
"242","BuildTask_170428_03",36,11.0400607819993,9.09857871399981
"243","BuildTask_170428_03",33,8.45636115600064,13.5708784340004
"244","BuildTask_170428_03",35,10.217643222999,9.66382517500097
"245","BuildTask_170428_04",15,5.53756646299917,20.2814179359993
"246","BuildTask_170428_04",19,25.1062265979999,18.4025289509991
"247","BuildTask_170428_04",8,6.32805196800109,25.9061728270008
"248","BuildTask_170428_04",20,23.9044739609999,46.9148333029989
"249","BuildTask_170428_04",13,9.92204640199998,13.8407630040001
"250","BuildTask_170428_04",12,3.08011793699916,15.970860939
"251","BuildTask_170428_04",9,1.49107981899942,6.20252464199984
"252","BuildTask_170428_04",7,4.18505669399929,35.1466029869989
"253","BuildTask_170428_04",10,6.53808262700113,12.6501758729992
"254","BuildTask_170428_04",11,14.3781210329998,12.5231076359996
"255","BuildTask_170428_04",18,5.73978721300045,42.362263590001
"256","BuildTask_170428_04",16,2.41079679799986,12.1938955679998
"257","BuildTask_170428_04",17,4.42730390799989,15.2730113300004
"258","BuildTask_170428_04",14,5.74712933099909,17.8984087140016
"259","BuildTask_170501_01",32,4.81827918700219,14.838084862
"260","BuildTask_170501_01",22,1.05841534700085,15.8590419760003
"261","BuildTask_170501_01",34,10.1792581150003,16.0094721499991
"262","BuildTask_170501_01",35,8.21034172900181,11.3545164610005
"263","BuildTask_170501_01",30,0.634241643001587,6.34640473299805
"264","BuildTask_170501_01",33,6.3137588699974,12.3125297720035
"265","BuildTask_170501_01",28,16.6108182639982,11.9032161229989
"266","BuildTask_170501_01",29,0.762099871000828,6.75235571500161
"267","BuildTask_170501_01",21,2.43482783799845,19.4745507820007
"268","BuildTask_170501_01",25,13.0501877620009,28.4423667320007
"269","BuildTask_170501_01",31,1.36178795600063,5.05839284800095
"270","BuildTask_170501_01",27,2.25635705600143,4.38628334900204
"271","BuildTask_170501_01",26,2.14571249100118,14.0432879629989
"272","BuildTask_170501_01",36,6.74702001900005,10.1923025329997
"273","BuildTask_170501_01",23,1.08313797200026,5.25824499800001
"274","BuildTask_170501_01",24,4.18604781400063,15.9941794279985
"275","BuildTask_170501_02",17,1.24250445900179,7.30586238600154
"276","BuildTask_170501_02",10,4.55412907799837,12.6733759369999
"277","BuildTask_170501_02",9,1.7471135099986,4.29027861400027
"278","BuildTask_170501_02",14,6.94587359900106,9.05647114100066
"279","BuildTask_170501_02",19,8.87286688799941,8.5629776679998
"280","BuildTask_170501_02",18,7.01757137200184,36.2743197130003
"281","BuildTask_170501_02",7,1.40191225200033,9.50527140600025
"282","BuildTask_170501_02",16,3.66567589499755,10.6263509269993
"283","BuildTask_170501_02",11,9.56775738799843,12.2171448059999
"284","BuildTask_170501_02",8,3.94585789300254,24.8175065729993
"285","BuildTask_170501_02",15,2.5299683129997,23.8577213399985
"286","BuildTask_170501_02",12,2.21748446900165,17.2493131540032
"287","BuildTask_170501_02",20,24.0912702549977,58.4660440570005
"288","BuildTask_170501_02",13,9.49052965700321,12.6736328040024
"289","BuildTask_170505_02",22,1.94999829500011,39.0192973760059
"290","BuildTask_170505_02",23,2.71917658199527,8.62419919099921
"291","BuildTask_170505_02",31,1.52976672699879,10.586491405993
"292","BuildTask_170505_02",28,10.3535235439995,12.1949683700004
"293","BuildTask_170505_02",32,8.11485567199998,24.8910803290055
"294","BuildTask_170505_02",26,3.70667685599619,20.0499845360027
"295","BuildTask_170505_02",24,10.8256101000006,48.034499733003
"296","BuildTask_170505_02",30,1.37021466399892,11.1932674490017
"297","BuildTask_170505_02",35,12.9301726990016,19.1854172930034
"298","BuildTask_170505_02",34,26.4318003150038,25.0564881699975
"299","BuildTask_170505_02",21,2.73008850600309,18.2843547299999
"300","BuildTask_170505_02",33,10.38696299,20.2809061399967
"301","BuildTask_170505_02",27,3.96161741299875,7.45855509299872
"302","BuildTask_170505_02",36,13.3061487480009,22.4420494320002
"303","BuildTask_170505_02",25,26.9540958669968,19.0022296219977
"304","BuildTask_170505_02",29,2.54526151299797,15.4977667879939
"305","BuildTask_170524_01",32,10.840562176,41.9401753459999
"306","BuildTask_170524_01",22,4.77798923499995,71.138194827
"307","BuildTask_170524_01",34,26.8738798660002,38.9480562840001
"308","BuildTask_170524_01",35,17.194568484,23.1609248669999
"309","BuildTask_170524_01",30,3.24239611600001,15.4819276989999
"310","BuildTask_170524_01",33,14.1295162609999,12.7314901230002
"311","BuildTask_170524_01",28,51.0018055109999,22.9294052790001
"312","BuildTask_170524_01",29,2.83401315799983,17.3939478689999
"313","BuildTask_170524_01",21,3.40216816200018,15.6737996950001
"314","BuildTask_170524_01",25,13.0907007290002,16.9687891029998
"315","BuildTask_170524_01",31,2.19386862700003,11.865299821
"316","BuildTask_170524_01",27,3.7863474869996,7.14572726200004
"317","BuildTask_170524_01",26,3.84170097200013,20.1219387729998
"318","BuildTask_170524_01",36,14.625020466,17.8268593749999
"319","BuildTask_170524_01",23,2.48186419700005,10.0665694179997
"320","BuildTask_170524_01",24,10.730989784,35.0665776610003
"321","BuildTask_170526_01",17,NA,NA
"322","BuildTask_170526_01",10,NA,NA
"323","BuildTask_170526_01",9,NA,NA
"324","BuildTask_170526_01",14,NA,NA
"325","BuildTask_170526_01",19,NA,NA
"326","BuildTask_170526_01",18,NA,NA
"327","BuildTask_170526_01",7,NA,NA
"328","BuildTask_170526_01",16,NA,NA
"329","BuildTask_170526_01",11,NA,NA
"330","BuildTask_170526_01",8,NA,NA
"331","BuildTask_170526_01",15,NA,NA
"332","BuildTask_170526_01",12,NA,NA
"333","BuildTask_170526_01",20,NA,NA
"334","BuildTask_170526_01",13,NA,NA
"335","BuildTask_170526_02",34,24.0237007940013,68.9931983879942
"336","BuildTask_170526_02",28,24.0663755059941,22.1845144750041
"337","BuildTask_170526_02",30,1.7073956029999,12.5289504269967
"338","BuildTask_170526_02",22,2.60911795900029,28.2736455849954
"339","BuildTask_170526_02",31,3.23860684400279,10.2412086759941
"340","BuildTask_170526_02",29,1.73786095700052,18.7534604920002
"341","BuildTask_170526_02",32,7.46588018200418,25.626391480997
"342","BuildTask_170526_02",25,29.2804834769995,31.4254734530041
"343","BuildTask_170526_02",27,4.8501746099937,4.88136374999885
"344","BuildTask_170526_02",33,13.3438118229969,14.6805053950011
"345","BuildTask_170526_02",26,4.67286993899324,16.1126265810017
"346","BuildTask_170526_02",21,1.81758626899682,24.1353856799979
"347","BuildTask_170526_02",24,5.90599434999604,33.1347071950004
"348","BuildTask_170526_02",23,4.1459737289988,9.93669164099992
"349","BuildTask_170526_02",35,11.9777449829999,16.9943349120003
"350","BuildTask_170526_02",36,12.9222142329963,14.209869489001
"351","BuildTask_170526_03",17,5.81717454500176,18.890242483998
"352","BuildTask_170526_03",10,118.536732503002,23.7612696720025
"353","BuildTask_170526_03",9,3.77036968999892,15.1119378040021
"354","BuildTask_170526_03",14,19.8026909910041,27.6824627929964
"355","BuildTask_170526_03",19,26.4491767310028,31.9065225020022
"356","BuildTask_170526_03",18,12.8987208250037,143.170869912996
"357","BuildTask_170526_03",7,2.40219125899603,34.3799418460039
"358","BuildTask_170526_03",16,5.20865280599537,32.8188723470012
"359","BuildTask_170526_03",11,26.5937045440005,27.162279629003
"360","BuildTask_170526_03",8,10.4356734020039,34.778972301996
"361","BuildTask_170526_03",15,8.67432773099426,39.4014434749988
"362","BuildTask_170526_03",12,2.94638180499896,26.1863785489986
"363","BuildTask_170526_03",20,43.8006876159998,67.2164352070031
"364","BuildTask_170526_03",13,13.6987033659971,57.1307763959994
"365","BuildTask_170602_01",22,1.97035731899996,62.9467174890001
"366","BuildTask_170602_01",23,4.31322880799962,17.736815318
"367","BuildTask_170602_01",31,2.56201651200035,16.7935771410002
"368","BuildTask_170602_01",28,28.482374828,36.3292622260001
"369","BuildTask_170602_01",32,6.29487426700007,36.240851603
"370","BuildTask_170602_01",26,3.60903741600032,28.0588084320002
"371","BuildTask_170602_01",24,9.06343726700015,54.728832198
"372","BuildTask_170602_01",30,3.12926069800005,33.8074676269998
"373","BuildTask_170602_01",35,17.271472893,28.7883588909999
"374","BuildTask_170602_01",34,26.6747223699999,123.858229383
"375","BuildTask_170602_01",21,8.87284597600001,26.5313123160004
"376","BuildTask_170602_01",33,18.4513167270002,17.3207058020002
"377","BuildTask_170602_01",27,6.74585253900023,8.1225571949999
"378","BuildTask_170602_01",36,20.3271636779996,18.1220190049999
"379","BuildTask_170602_01",25,20.218357364,16.4502608340003
"380","BuildTask_170602_01",29,3.95250035499976,18.1801667039999
"381","BuildTask_170629_01",16,4.02096062300006,12.8471415160002
"382","BuildTask_170629_01",11,10.7696721070006,12.8426812420003
"383","BuildTask_170629_01",7,2.06625112300026,13.7465567939998
"384","BuildTask_170629_01",17,3.59533353100051,16.6330842370007
"385","BuildTask_170629_01",14,9.88213414299935,18.2159867489991
"386","BuildTask_170629_01",8,5.94675105100032,21.0351337709999
"387","BuildTask_170629_01",19,14.6311162680013,18.2510580909984
"388","BuildTask_170629_01",15,5.77018349699938,21.0173402119999
"389","BuildTask_170629_01",18,7.60915883999951,90.427164359
"390","BuildTask_170629_01",13,10.4268093179999,13.5462389570002
"391","BuildTask_170629_01",9,1.24940893100029,9.84125154700087
"392","BuildTask_170629_01",20,38.8107711030007,83.5542782860011
"393","BuildTask_170629_01",10,10.0249360170001,26.5147994599993
"394","BuildTask_170629_01",12,4.13017066900102,18.2749568700001
"395","BuildTask_170630",16,3.8823736180002,3.24908077300006
"396","BuildTask_170630",11,13.7144972269998,2.81160734800051
"397","BuildTask_170630",7,3.41829039000004,49.8339744720006
"398","BuildTask_170630",17,25.3292339210002,66.1214835190003
"399","BuildTask_170630",14,18.6023422609996,59.7370059110008
"400","BuildTask_170630",8,9.52089106600033,29.0410328220005
"401","BuildTask_170630",19,20.9606500770005,25.1470712369992
"402","BuildTask_170630",15,6.36152579000009,18.9629201110001
"403","BuildTask_170630",18,17.7372924829997,39.8231261210003
"404","BuildTask_170630",13,14.6416980430004,25.9052255959996
"405","BuildTask_170630",9,4.39315602100032,14.6578893950009
"406","BuildTask_170630",20,33.4946901620006,100.097487072999
"407","BuildTask_170630",10,16.0656035369993,20.7628616139991
"408","BuildTask_170630",12,4.96051214899853,27.4644336740002
"409","BuildTask_170707_01",16,4.0711650910016,18.6878831840004
"410","BuildTask_170707_01",11,12.8874413819995,20.0926603219996
"411","BuildTask_170707_01",7,4.67279355199935,8.21623340400038
"412","BuildTask_170707_01",17,6.48917050100135,16.2394698890002
"413","BuildTask_170707_01",14,11.8453469369997,19.7527763729995
"414","BuildTask_170707_01",8,8.94509854100033,24.295220891001
"415","BuildTask_170707_01",19,21.2641646580014,22.1351539989992
"416","BuildTask_170707_01",15,8.18066380399978,19.4455356430008
"417","BuildTask_170707_01",18,9.55042780300028,33.8055629630016
"418","BuildTask_170707_01",13,13.5871672599988,18.3527035229999
"419","BuildTask_170707_01",9,4.56597730300018,15.1205870579997
"420","BuildTask_170707_01",20,28.1045053469988,57.7236960340015
"421","BuildTask_170707_01",10,12.7872350439993,17.9514349749988
"422","BuildTask_170707_01",12,6.57021720600096,18.8768057449997
"423","BuildTask_170707_02",19,21.9742802279998,23.1169423980009
"424","BuildTask_170707_02",18,15.4631098900009,51.2787742870005
"425","BuildTask_170707_02",9,4.24074214499888,15.1816134469991
"426","BuildTask_170707_02",15,8.91618742799983,24.7746242209996
"427","BuildTask_170707_02",11,14.4758026270028,21.6371649839984
"428","BuildTask_170707_02",10,10.7169382169996,22.6338381599999
"429","BuildTask_170707_02",20,32.6285478149985,49.5281251399974
"430","BuildTask_170707_02",12,5.01974045299721,18.7449301909983
"431","BuildTask_170707_02",17,4.18536175700137,15.8761915059986
"432","BuildTask_170707_02",16,5.85273636000056,15.809048244002
"433","BuildTask_170707_02",13,10.1709957629973,18.3136220660017
"434","BuildTask_170707_02",14,12.5947309559997,19.3954269009992
"435","BuildTask_170707_02",7,4.00224793799862,24.8187847000008
"436","BuildTask_170707_02",8,7.90606967500207,22.4868168489993
"437","BuildTask_170707_03",20,41.1280605610009,125.341658219
"438","BuildTask_170707_03",19,14.2848576069991,27.0340067889992
"439","BuildTask_170707_03",14,9.83754673500152,20.9019174399982
"440","BuildTask_170707_03",9,4.17666631700195,12.4322107099979
"441","BuildTask_170707_03",17,6.97474138299731,23.4199289749995
"442","BuildTask_170707_03",8,8.14423882199844,30.005064893001
"443","BuildTask_170707_03",12,4.92801905799934,19.943688239
"444","BuildTask_170707_03",18,8.6243349840006,38.1014705400012
"445","BuildTask_170707_03",11,13.6530064170001,20.4355411609977
"446","BuildTask_170707_03",7,3.52053546800016,21.8548107219976
"447","BuildTask_170707_03",16,5.36136817700026,16.3207941820001
"448","BuildTask_170707_03",15,6.04807527400044,16.5055486979982
"449","BuildTask_170707_03",10,9.09731933299918,21.5525294830004
"450","BuildTask_170707_03",13,8.11442921900016,12.548029575999
"451","BuildTask_170713_01",32,9.64959580499999,21.7126069460001
"452","BuildTask_170713_01",22,3.15348724100022,39.4729182740002
"453","BuildTask_170713_01",34,30.8590657180002,23.8089804310002
"454","BuildTask_170713_01",35,18.303256612,23.7049041669998
"455","BuildTask_170713_01",30,2.18470240999977,16.9372067889999
"456","BuildTask_170713_01",33,12.5448493740005,22.5039563150003
"457","BuildTask_170713_01",28,19.641581506,19.0001188340002
"458","BuildTask_170713_01",29,2.81714895999994,20.6580238089991
"459","BuildTask_170713_01",21,3.20930745599981,23.0972106910003
"460","BuildTask_170713_01",25,36.8889149359993,19.490854832
"461","BuildTask_170713_01",31,2.95423917299922,13.3128916200003
"462","BuildTask_170713_01",27,5.6092385840002,7.59351567300018
"463","BuildTask_170713_01",26,13.6960584389999,25.5615289169991
"464","BuildTask_170713_01",36,17.5615958779999,17.4880815629995
"465","BuildTask_170713_01",23,2.61743594600011,14.9685301710006
"466","BuildTask_170713_01",24,9.65539359200011,37.3847506579996
"467","BuildTask_170714_01",32,8.18826072299998,22.8904586120007
"468","BuildTask_170714_01",22,2.71335354999974,22.3456538850005
"469","BuildTask_170714_01",34,18.755051877999,27.5426656130003
"470","BuildTask_170714_01",35,16.2308463880017,18.8847724709995
"471","BuildTask_170714_01",30,1.19377357699886,10.3207271709998
"472","BuildTask_170714_01",33,13.463945038,15.6232291050001
"473","BuildTask_170714_01",28,16.1342543399987,14.856465502
"474","BuildTask_170714_01",29,1.48942876000001,13.975377019
"475","BuildTask_170714_01",21,2.0070233410006,13.5686134999996
"476","BuildTask_170714_01",25,11.9759822349988,20.4857636529996
"477","BuildTask_170714_01",31,1.29730528899745,8.00856905600085
"478","BuildTask_170714_01",27,2.31155853300152,6.85185914300018
"479","BuildTask_170714_01",26,8.98426398599986,16.3841981930018
"480","BuildTask_170714_01",36,11.9505889430002,16.2666854430026
"481","BuildTask_170714_01",23,1.10584221799945,7.29247047099852
"482","BuildTask_170714_01",24,8.83163231000071,20.0917169730019
"483","BuildTask_170714_02",19,12.5739403059997,15.5768703840004
"484","BuildTask_170714_02",18,5.48944274600217,50.6254736619994
"485","BuildTask_170714_02",9,1.77609043700068,4.14305175399932
"486","BuildTask_170714_02",15,3.56918929400126,13.4203142929982
"487","BuildTask_170714_02",11,8.05624682999769,13.4544545619974
"488","BuildTask_170714_02",10,9.7320370310008,13.4934150330009
"489","BuildTask_170714_02",20,22.7224989489987,64.6216782250012
"490","BuildTask_170714_02",12,3.80123166500198,11.9865502350003
"491","BuildTask_170714_02",17,3.87354897100158,8.23464553700251
"492","BuildTask_170714_02",16,4.26393854799971,10.5856578220009
"493","BuildTask_170714_02",13,5.9000321320018,12.5571719649997
"494","BuildTask_170714_02",14,6.1875174759989,11.1688199260025
"495","BuildTask_170714_02",7,2.29671300200062,17.989787855
"496","BuildTask_170714_02",8,5.05659276999722,18.903135110002
"497","BuildTask_170720_01",32,7.34476746200016,32.0183656929985
"498","BuildTask_170720_01",22,2.74795725900185,29.8330937659994
"499","BuildTask_170720_01",34,28.5779527820014,25.6184552030027
"500","BuildTask_170720_01",35,16.6412307620012,15.3063429909998
"501","BuildTask_170720_01",30,1.66600230100084,11.6821470519972
"502","BuildTask_170720_01",33,15.6246622299986,19.4977082530022
"503","BuildTask_170720_01",28,19.9780164440017,15.7211508859982
"504","BuildTask_170720_01",29,1.8349146469991,14.339541401001
"505","BuildTask_170720_01",21,2.97076286900119,29.6027479279983
"506","BuildTask_170720_01",25,17.1288819269976,34.0505260630016
"507","BuildTask_170720_01",31,1.9061159619996,10.8097619019973
"508","BuildTask_170720_01",27,3.03979524199895,12.0650223449993
"509","BuildTask_170720_01",26,7.74735440599761,17.3775452600021
"510","BuildTask_170720_01",36,17.0185189880031,19.8894900509986
"511","BuildTask_170720_01",23,2.42575876499905,9.33831369100153
"512","BuildTask_170720_01",24,18.6661569179996,43.8019360100006
"513","BuildTask_170720_02",16,4.87981680200028,17.8579161380003
"514","BuildTask_170720_02",11,10.7050824599974,17.4570589939976
"515","BuildTask_170720_02",7,2.39327679100097,36.3203197840012
"516","BuildTask_170720_02",17,3.31339974299772,16.4108960090016
"517","BuildTask_170720_02",14,9.05845206700178,14.0994959239979
"518","BuildTask_170720_02",8,4.93877997500022,20.8971785920003
"519","BuildTask_170720_02",19,25.3378085229997,16.2425471899987
"520","BuildTask_170720_02",15,13.6730586010017,17.4969630209998
"521","BuildTask_170720_02",18,12.2020298669995,35.8585939919976
"522","BuildTask_170720_02",13,7.19422248400224,26.8664084670017
"523","BuildTask_170720_02",9,1.92230142799963,8.79404193099981
"524","BuildTask_170720_02",20,24.385174801002,111.801738668
"525","BuildTask_170720_02",10,14.5309793980014,17.5223799509986
"526","BuildTask_170720_02",12,2.29881968900008,15.4579941619995
"527","BuildTask_170725_01",32,5.83274157499909,18.7214373229999
"528","BuildTask_170725_01",22,3.67438076999861,40.4343056329999
"529","BuildTask_170725_01",34,21.1371578950002,28.1303808940011
"530","BuildTask_170725_01",35,14.9297667889987,20.9854066440002
"531","BuildTask_170725_01",30,2.15475154500018,20.9856437529997
"532","BuildTask_170725_01",33,11.9116975519992,17.3067902599996
"533","BuildTask_170725_01",28,28.3454238570012,24.945727544
"534","BuildTask_170725_01",29,1.64169757299896,19.5856122519999
"535","BuildTask_170725_01",21,3.63376176299971,23.082419155
"536","BuildTask_170725_01",25,53.6663479659983,43.7226704780005
"537","BuildTask_170725_01",31,2.15412023899989,13.1707804569996
"538","BuildTask_170725_01",27,2.70735984400017,5.04107637199922
"539","BuildTask_170725_01",26,11.2341538639994,27.9784556670002
"540","BuildTask_170725_01",36,16.9211194869986,24.5311158080003
"541","BuildTask_170725_01",23,2.39436704600121,12.2421027849996
"542","BuildTask_170725_01",24,6.03379955699893,37.5062658120005
"543","BuildTask_170727_01",32,6.56172582700015,12.11616645
"544","BuildTask_170727_01",22,0.993943779000119,17.6182284280001
"545","BuildTask_170727_01",34,10.522325679,9.23400176099994
"546","BuildTask_170727_01",35,7.98628844700011,12.290293324
"547","BuildTask_170727_01",30,0.393480369999907,7.03428789099985
"548","BuildTask_170727_01",33,7.506085257,9.16937645500002
"549","BuildTask_170727_01",28,5.25071652799988,12.1937642299999
"550","BuildTask_170727_01",29,1.17812294800001,8.95351973600009
"551","BuildTask_170727_01",21,1.3296693499999,11.473276664
"552","BuildTask_170727_01",25,14.9701805669999,20.4912552769999
"553","BuildTask_170727_01",31,1.17860066699996,6.23445070900016
"554","BuildTask_170727_01",27,2.48227669700009,4.20340643099985
"555","BuildTask_170727_01",26,3.51526611400004,10.929358202
"556","BuildTask_170727_01",36,9.84235956100019,9.90647029100001
"557","BuildTask_170727_01",23,1.93765007399998,6.65746860600007
"558","BuildTask_170727_01",24,6.01019672400002,25.649949014
"559","BuildTask_170727_02",19,12.3520200749999,13.0093348119999
"560","BuildTask_170727_02",18,7.27354334200027,46.5387107349998
"561","BuildTask_170727_02",9,1.24047000000064,6.81096004600022
"562","BuildTask_170727_02",15,5.13141726100002,14.130427176
"563","BuildTask_170727_02",11,9.59522907100018,13.2672423880003
"564","BuildTask_170727_02",10,13.4883695829994,15.6744911750002
"565","BuildTask_170727_02",20,20.801890273,31.729501973
"566","BuildTask_170727_02",12,2.52926323099928,12.1049894140006
"567","BuildTask_170727_02",17,1.84283646999938,11.1952823300007
"568","BuildTask_170727_02",16,3.3934951629999,12.242571197
"569","BuildTask_170727_02",13,8.69061380599942,18.7448199870005
"570","BuildTask_170727_02",14,8.00269568800013,10.6578271899998
"571","BuildTask_170727_02",7,2.10578014200019,13.969966394
"572","BuildTask_170727_02",8,3.79198688300039,16.1448484719995
"573","BuildTask_170727_03",16,2.22023393899985,11.2016444139999
"574","BuildTask_170727_03",11,4.88278633000004,11.331826544
"575","BuildTask_170727_03",7,1.29871189000005,20.258930235
"576","BuildTask_170727_03",17,2.69071723999991,10.971302981
"577","BuildTask_170727_03",14,5.34578437499999,10.7138045630002
"578","BuildTask_170727_03",8,2.64985761000003,10.8347377910002
"579","BuildTask_170727_03",19,12.4020998790002,10.7677456470001
"580","BuildTask_170727_03",15,2.58610656899987,11.1140982680001
"581","BuildTask_170727_03",18,10.436160599,67.594043912
"582","BuildTask_170727_03",13,6.61918093000008,11.034609624
"583","BuildTask_170727_03",9,1.81212126900004,5.56282595800008
"584","BuildTask_170727_03",20,21.218534011,58.8595845140001
"585","BuildTask_170727_03",10,10.275830156,10.7307492299999
"586","BuildTask_170727_03",12,2.22598317099983,11.2194795539999
"587","BuildTask_170727_04",16,5.2292596920006,18.1538295939999
"588","BuildTask_170727_04",11,13.1783550959999,15.9956304850002
"589","BuildTask_170727_04",7,2.46699579600045,12.8256325889997
"590","BuildTask_170727_04",17,3.43350862399984,15.6482854320002
"591","BuildTask_170727_04",14,11.7469097650001,15.1378042729993
"592","BuildTask_170727_04",8,7.31496562099983,20.8341803140002
"593","BuildTask_170727_04",19,11.4816223030002,12.4811986189998
"594","BuildTask_170727_04",15,5.88175465100085,20.6661827299995
"595","BuildTask_170727_04",18,11.9863066949993,71.0365489360001
"596","BuildTask_170727_04",13,10.6501353630001,13.5890141669997
"597","BuildTask_170727_04",9,1.88990718399964,9.28056293999998
"598","BuildTask_170727_04",20,30.2734058759997,36.7947976190007
"599","BuildTask_170727_04",10,12.0566156209998,15.4669901569996
"600","BuildTask_170727_04",12,1.76823038600014,12.40095612
"601","BuildTask_170803_01",16,2.82159976399998,9.9604654310001
"602","BuildTask_170803_01",11,6.19485215099985,12.2910814209999
"603","BuildTask_170803_01",7,0.754797763999932,11.201986909
"604","BuildTask_170803_01",17,2.39369514300006,12.546193309
"605","BuildTask_170803_01",14,6.00922942099987,13.042377017
"606","BuildTask_170803_01",8,4.81810025300001,12.7626435080001
"607","BuildTask_170803_01",19,9.89752719299986,9.82498721700017
"608","BuildTask_170803_01",15,2.56806235700014,8.53817517300013
"609","BuildTask_170803_01",18,6.82558639600006,36.1549545669998
"610","BuildTask_170803_01",13,7.60022311700004,8.51397292699994
"611","BuildTask_170803_01",9,0.842993797999952,4.72845741499987
"612","BuildTask_170803_01",20,18.226294375,65.380658394
"613","BuildTask_170803_01",10,6.82353264200015,12.0589956199999
"614","BuildTask_170803_01",12,1.802413226,9.95416405099991
"615","BuildTask_170803_02",32,9.32757014399976,19.8625979260005
"616","BuildTask_170803_02",22,2.26640419399973,20.5618962110002
"617","BuildTask_170803_02",34,16.3393642880001,23.0412332209999
"618","BuildTask_170803_02",35,10.8106037090001,17.107135749
"619","BuildTask_170803_02",30,0.994481730000189,8.91538956699969
"620","BuildTask_170803_02",33,8.52922263799974,15.5200167909998
"621","BuildTask_170803_02",28,22.3390537999994,11.2731759640001
"622","BuildTask_170803_02",29,0.298187433999374,11.2425648620001
"623","BuildTask_170803_02",21,1.15401974900033,15.4267876309996
"624","BuildTask_170803_02",25,8.65733668700068,11.4739902110005
"625","BuildTask_170803_02",31,0.257872714999394,12.0965667250002
"626","BuildTask_170803_02",27,2.34530370500033,4.105077962
"627","BuildTask_170803_02",26,5.5070062650002,12.5952092589996
"628","BuildTask_170803_02",36,9.93721080299929,12.3538459190004
"629","BuildTask_170803_02",23,0.755653987000187,5.88060822199986
"630","BuildTask_170803_02",24,8.40956726099921,38.7308706289996
"631","BuildTask_170808_01",32,7.37011654599974,24.174578354
"632","BuildTask_170808_01",22,1.94670463500006,51.787451661
"633","BuildTask_170808_01",34,21.2407698960005,28.0265704120002
"634","BuildTask_170808_01",35,12.6818401970004,20.0499988660004
"635","BuildTask_170808_01",30,3.28258233999986,12.0113230389998
"636","BuildTask_170808_01",33,16.4509294360005,26.0669141779999
"637","BuildTask_170808_01",28,16.2809405890002,22.6406497990001
"638","BuildTask_170808_01",29,2.32916295799987,13.3295185469997
"639","BuildTask_170808_01",21,12.3073565730001,17.1132252220004
"640","BuildTask_170808_01",25,19.6826036760012,47.8655637659995
"641","BuildTask_170808_01",31,1.18698105799922,13.9941044000007
"642","BuildTask_170808_01",27,2.88174150299892,5.45884671299973
"643","BuildTask_170808_01",26,10.2190917780008,24.7536242890001
"644","BuildTask_170808_01",36,15.3200653500007,14.6339417170002
"645","BuildTask_170808_01",23,3.01044045500021,8.90659893100019
"646","BuildTask_170808_01",24,9.51500817199849,47.1474424700009
"647","BuildTask_170808_02",32,11.50467647,26.0612947749996
"648","BuildTask_170808_02",22,3.8911976620002,38.1226265710011
"649","BuildTask_170808_02",34,21.1149038799995,23.9057955859989
"650","BuildTask_170808_02",35,16.7148602969992,18.6433588299988
"651","BuildTask_170808_02",30,1.35397422599999,12.503062804999
"652","BuildTask_170808_02",33,16.2421750620015,18.3941268969993
"653","BuildTask_170808_02",28,17.8166946319998,27.3134343780002
"654","BuildTask_170808_02",29,1.4586684599999,21.8569555039994
"655","BuildTask_170808_02",21,3.88135835899993,24.9942049059991
"656","BuildTask_170808_02",25,20.8755559269994,30.8016433140001
"657","BuildTask_170808_02",31,1.84195069700036,10.6569527920001
"658","BuildTask_170808_02",27,6.63526093200016,5.39503597200019
"659","BuildTask_170808_02",26,7.65900512000007,14.8909644249998
"660","BuildTask_170808_02",36,20.1216408239998,15.5460979159998
"661","BuildTask_170808_02",23,2.27510514500136,9.40164292099871
"662","BuildTask_170808_02",24,11.9916168199998,42.4252901830005
"663","BuildTask_170808_03",32,9.44254936200014,23.6152102350006
"664","BuildTask_170808_03",22,2.78614405699955,48.9472291700004
"665","BuildTask_170808_03",34,28.4893060729992,67.578369289
"666","BuildTask_170808_03",35,28.9936742829996,7.52315578399975
"667","BuildTask_170808_03",30,1.91435499399995,19.0741860819999
"668","BuildTask_170808_03",33,17.5211963660004,18.8810686600009
"669","BuildTask_170808_03",28,25.5134606849988,20.5296275059991
"670","BuildTask_170808_03",29,1.49548560499898,24.4663708299995
"671","BuildTask_170808_03",21,2.55549780099864,35.2496012469983
"672","BuildTask_170808_03",25,40.4899299099998,43.1472048759988
"673","BuildTask_170808_03",31,2.84354529400116,12.777836239
"674","BuildTask_170808_03",27,4.42660377399989,9.56981880800049
"675","BuildTask_170808_03",26,11.241199439999,24.8574614949994
"676","BuildTask_170808_03",36,17.3944382210011,25.7214262220004
"677","BuildTask_170808_03",23,2.09049465000135,8.12999524500083
"678","BuildTask_170808_03",24,9.99432625000009,43.1052970599994
"679","BuildTask_170808_04",16,3.90007040300043,12.6656313110034
"680","BuildTask_170808_04",11,8.73806554099792,25.619701353
"681","BuildTask_170808_04",7,1.40906269100014,29.8032199009976
"682","BuildTask_170808_04",17,4.29723279599784,13.8659036809986
"683","BuildTask_170808_04",14,5.07277398299993,13.3789217070007
"684","BuildTask_170808_04",8,3.72173470800044,12.1779455889991
"685","BuildTask_170808_04",19,10.0430622540007,10.2277166300009
"686","BuildTask_170808_04",15,3.79470096699879,8.53772772299999
"687","BuildTask_170808_04",18,6.18631513400032,49.0492799460008
"688","BuildTask_170808_04",13,9.43340897999951,9.46654226999817
"689","BuildTask_170808_04",9,1.2088142040011,5.05723298999874
"690","BuildTask_170808_04",20,30.7372629890015,42.3533999200008
"691","BuildTask_170808_04",10,7.45705768799962,8.54632710299848
"692","BuildTask_170808_04",12,1.73038502800046,10.1777423579988
